location_id,name,locality,latitude,longitude,timezone,pollutants_available,isMobile,isMonitor,last_updated_utc
3,NMA - Nima,,5.58389,-0.19968,Africa/Accra,"pm10,pm25",False,True,
4,NMT - Nima,,5.58165,-0.19898,Africa/Accra,"pm10,pm25",False,True,
5,JTA - Jamestown,,5.5401139,-0.2103972,Africa/Accra,"pm10,pm25",False,True,
6,ADT - Asylum Down,,5.570722,-0.2120555,Africa/Accra,"pm10,pm25",False,True,
7,ADEPA - Asylum Down,,5.567833,-0.2040278,Africa/Accra,"pm10,pm25",False,True,
8,ADA - Asylum Down,,5.566722,-0.2077778,Africa/Accra,"pm10,pm25",False,True,
9,ELC - East Legon,,5.6335571,-0.1651875,Africa/Accra,"pm10,pm25",False,True,
10,ELT - East Legon,,5.6408995,-0.1695437,Africa/Accra,"pm10,pm25",False,True,
11,ELA - East Legon,,5.6408137,-0.1579063,Africa/Accra,"pm10,pm25",False,True,
12,SPARTAN - IIT Kanpur,,26.519,80.233,Asia/Kolkata,pm25,False,True,
13,"Delhi Technological University, Delhi - CPCB",,28.744,77.12,Asia/Kolkata,"no2,o3,pm25",False,True,2018-02-22T04:00:00Z
14,SPARTAN - CITEDEF,,-34.56,-58.506,America/Argentina/Buenos_Aires,pm25,False,True,2018-02-22T04:00:00Z
15,IGI Airport,,28.56,77.094,Asia/Kolkata,"co,no2,o3,pm10,pm25",False,True,2018-02-22T04:00:00Z
16,Civil Lines,,28.6787,77.2262,Asia/Kolkata,"co,no2,pm10,pm25",False,True,2018-02-22T04:00:00Z
17,"R K Puram, Delhi - DPCC",,28.563262,77.186937,Asia/Kolkata,"co,co,no,no2,no2,nox,o3,o3,pm10,pm10,pm25,pm25,relativehumidity,so2,so2,temperature,wind_direction,wind_speed",False,True,2026-03-03T10:30:00Z
18,SPARTAN - Vietnam Acad. Sci.,,21.048,105.8,Asia/Bangkok,pm25,False,True,2026-03-03T10:30:00Z
19,MNB,,47.929732,106.888629,Asia/Ulaanbaatar,"co,no2,o3,pm10,pm25,so2",False,True,2019-03-13T22:30:00Z
21,Beijing US Embassy,Beijing,39.95,116.47,Asia/Shanghai,pm25,False,True,2023-08-15T15:00:00Z
22,SPARTAN - Dhaka University,Beijing,23.728,90.398,Asia/Dhaka,pm25,False,True,2023-08-15T15:00:00Z
23,Amgalan,Beijing,47.913429,106.99790699999998,Asia/Ulaanbaatar,"co,no2,o3,pm10,pm25,so2",False,True,2019-03-13T22:30:00Z
24,SPARTAN - NUS,Beijing,1.298,103.78,Asia/Singapore,pm25,False,True,2019-03-13T22:30:00Z
25,Parque O'Higgins,Santiago,-33.464142,-70.660797,America/Santiago,"co,no2,o3,pm10,pm25,so2",False,True,2026-03-03T09:00:00Z
26,Inpesca,Talcahuano,-36.737202,-73.104427,America/Santiago,"pm10,pm25,so2",False,True,2026-02-27T22:00:00Z
27,Concón,Concón,-32.924568,-71.515399,America/Santiago,"co,no2,o3,pm10,pm25,so2",False,True,2026-03-02T14:00:00Z
28,Ursynów,Concón,52.16077306,21.03916667,Europe/Warsaw,"no2,o3,pm10,pm25,so2",False,True,2017-01-08T07:00:00Z
30,100 ail,Concón,47.9329056,106.9213833,Asia/Ulaanbaatar,"co,no2,o3,pm10,so2",False,True,2019-03-13T22:00:00Z
31,Wekerom-Riemterdijk,Wekerom,52.1116,5.70842,Europe/Amsterdam,"no,no2,o3,pm10,pm25",False,True,2026-03-03T11:00:00Z
32,SPARTAN - Tsinghua University,Wekerom,40.01,116.333,Asia/Shanghai,pm25,False,True,2026-03-03T11:00:00Z
33,Zaanstad-Hemkade,Zaandam,52.42023000014056,4.832060000156797,Europe/Amsterdam,"no,no2,pm10",False,True,2026-03-03T10:00:00Z
34,SPARTAN - Weizmann Institute,Zaandam,31.907,34.81,Asia/Jerusalem,pm25,False,True,2026-03-03T10:00:00Z
38,Cauquenes,Machalí,-34.241168,-70.55283,America/Santiago,so2,False,True,2026-03-03T09:00:00Z
39,Gobernación,Tocopilla,-22.093082,-70.20121,America/Santiago,"pm10,so2",False,True,2026-03-03T09:00:00Z
41,Groningen-Europaweg,Groningen,53.2178,6.5789,Europe/Amsterdam,"no,no2,pm10,pm25",False,True,2026-03-03T11:00:00Z
42,SPARTAN - Ilorin University,Groningen,8.484,4.675,Africa/Lagos,pm25,False,True,2026-03-03T11:00:00Z
43,Konarskiego,Groningen,52.17203333,22.27277778,Europe/Warsaw,"co,no2,o3,pm10,pm25,so2",False,True,2017-01-08T07:00:00Z
44,Heerlen-Jamboreepad,Heerlen,50.9003,5.98685,Europe/Amsterdam,"no,no2,o3,pm10,pm25",False,True,2026-03-03T11:00:00Z
45,Puente Alto,Puente Alto,-33.591390623022,-70.594788,America/Santiago,"co,no2,o3,pm10,pm25,so2",False,True,2026-03-03T08:00:00Z
46,Bukhiin urguu,Puente Alto,47.9176056,106.9373611,Asia/Ulaanbaatar,"co,no2,o3,pm10,pm25,so2",False,True,2019-03-13T22:00:00Z
47,Valparaiso,Valparaíso,-33.049743798096,-71.614167231712,America/Santiago,"co,no2,o3,pm10,pm25,so2",False,True,2026-03-03T09:00:00Z
48,Baruun 4 zam,Valparaíso,47.9153833,106.89419440000002,Asia/Ulaanbaatar,"co,no2,pm10,pm25,so2",False,True,2019-03-13T22:00:00Z
49,"Phahol Yothin Rd., Khet Chatuchak",Valparaíso,13.797855,100.551338,Asia/Bangkok,"co,no2,pm10",False,True,2019-03-13T22:00:00Z
50,"Punjabi Bagh, Delhi - DPCC",Valparaíso,28.674045,77.131023,Asia/Kolkata,"co,co,no,no2,no2,nox,o3,o3,pm10,pm10,pm25,pm25,relativehumidity,so2,so2,temperature,wind_direction,wind_speed",False,True,2026-03-03T10:30:00Z
51,Wieringerwerf-Medemblikkerweg,Wieringerwerf,52.803700000000006,5.05051,Europe/Amsterdam,"no,no2,o3,pm10,pm25",False,True,2026-03-03T11:00:00Z
52,Rotterdam-Oost Sidelinge A13,Rotterdam,51.93847200021101,4.430691999983553,Europe/Amsterdam,"no,no2,pm10,pm25",False,True,2025-09-04T13:00:00Z
53,Shenyang,Shenyang,41.78,123.42,Asia/Shanghai,pm25,False,True,2023-08-18T12:00:00Z
54,Talagante,Talagante,-33.673752071375,-70.953064737434,America/Santiago,"co,no2,o3,pm10,pm25,so2",False,True,2026-03-03T08:00:00Z
55,Utrecht-Kardinaal de Jongweg,Utrecht,52.10506300014719,5.124434999970995,Europe/Amsterdam,"no,no2,o3,pm10,pm25",False,True,2026-03-03T11:00:00Z
57,"Khlong Nueng, Khlong Luang",Utrecht,14.040299305494,100.60873959621,Asia/Bangkok,"co,no2,o3,pm10,so2",False,True,2020-05-16T08:00:00Z
58,Zegveld-Oude Meije,Zegveld,52.138,4.83819,Europe/Amsterdam,"co,no,no2,o3,pm10",False,True,2026-03-03T11:00:00Z
59,Nisekh,Zegveld,47.863943,106.779094,Asia/Ulaanbaatar,"co,no2,o3,pm10,pm25,so2",False,True,2019-03-13T22:30:00Z
60,Haringey Roadside - UKA00260,London,51.59929999967941,-0.0682179997939665,Europe/London,"no2,pm25",False,True,2026-03-03T11:00:00Z
61,Coya Población,Machalí,-34.203524,-70.529854,America/Santiago,so2,False,True,2026-03-03T09:00:00Z
63,Philippine-Stelleweg,Philippine,51.29449999999999,3.74948,Europe/Amsterdam,"no,no2,o3,pm10,so2",False,True,2026-03-03T11:00:00Z
64,Mustang Bayou C619,Philippine,29.308562,-95.19991,America/Chicago,"no2,o3",False,True,2026-03-03T11:00:00Z
65,Punteras,Chiguayante,-36.923329602986,-73.036132300941,America/Santiago,"co,no2,o3,pm10,pm25,so2",False,True,2026-03-03T09:00:00Z
66,"Bang Khun Thian, Chom Thong",Chiguayante,13.684229480854,100.44598735492,Asia/Bangkok,"co,no2,o3,pm10",False,True,2026-03-03T09:00:00Z
67,Ventanas,Chiguayante,-32.77898790221,-71.373031276855,America/Santiago,"co,no2,o3,pm10,pm25,so2",False,True,2018-08-29T18:00:00Z
68,Cerro Merquín,Coronel,-37.021182877699,-73.149555550926,America/Santiago,"pm10,pm25,so2",False,True,2026-03-03T08:00:00Z
69,Kingston College,Concepción,-36.784653741124,-73.052063025795,America/Santiago,"co,o3,pm10,pm25,so2",False,True,2026-03-03T09:00:00Z
71,Biest Houtakker-Biestsestraat,Biest Houtakker,51.5184,5.14845,Europe/Amsterdam,"no,no2,o3,pm10,pm25",False,True,2026-03-03T11:00:00Z
72,Curicó,Curicó,-34.974925077541,-71.233967512329,America/Santiago,"pm10,pm25",False,True,2026-03-03T09:00:00Z
73,Coyhaique II,Coyhaique,-45.579045667164,-72.049964505825,America/Santiago,"co,no2,o3,pm10,pm25,so2",False,True,2026-03-03T09:00:00Z
74,Leiden-Willem de Zwijgerlaan,Coyhaique,52.1678,4.50756,Europe/Amsterdam,pm10,False,True,2026-03-03T09:00:00Z
76,De Zilk-Vogelaarsdreef,De Zilk,52.296555999830005,4.51081699998525,Europe/Amsterdam,"no,no2,o3,pm10,pm25,so2",False,True,2026-03-03T11:00:00Z
77,Hoek v. Holland-Berghaven,Hoek v. Holland,51.97783000007194,4.121903000365913,Europe/Amsterdam,"no,no2,o3,pm10,pm25,so2",False,True,2026-03-03T10:00:00Z
79,Hilversum-J. Gerardtsweg,Hoek v. Holland,52.23510000000001,5.18155,Europe/Amsterdam,"no2,pm10,pm25",False,True,2018-06-25T10:00:00Z
80,Amsterdam-Van Diemenstraat,Amsterdam,52.389983000188224,4.88781099987638,Europe/Amsterdam,"co,no,no2,o3,pm10,pm25",False,True,2026-03-02T17:00:00Z
81,Coronel Norte,Amsterdam,-37.008669,-73.148086,America/Santiago,"co,o3,pm10,so2",False,True,2017-05-27T14:00:00Z
82,Haarlem-Schipholweg,Haarlem,52.3705,4.64232,Europe/Amsterdam,"no,no2,o3,pm10",False,True,2026-03-03T11:00:00Z
85,Hellendoorn-Luttenbergerweg,Hellendoorn,52.3883,6.40293,Europe/Amsterdam,"no,no2,o3,pm10",False,True,2026-03-03T11:00:00Z
86,De Rips-Blaarpeelweg,Hellendoorn,51.5475,5.8382,Europe/Amsterdam,pm10,False,True,2026-03-03T11:00:00Z
87,De Rips-Klotterpeellaan,Hellendoorn,51.5359,5.80859,Europe/Amsterdam,pm10,False,True,2026-03-03T11:00:00Z
90,Misheel expo,Hellendoorn,47.8943389,106.8824722,Asia/Ulaanbaatar,"co,no2,o3,pm10,so2",False,True,2019-03-13T22:00:00Z
93,Nijmegen-Graafseweg,Nijmegen,51.8414,5.85778,Europe/Amsterdam,"co,no,no2,pm10,pm25",False,True,2026-03-03T11:00:00Z
94,"Din Daeng, Din Daeng",Nijmegen,13.775373291477,100.56892844813,Asia/Bangkok,"co,no2,o3,pm10,so2",False,True,2020-09-15T07:00:00Z
95,Amsterdam-Vondelpark,Amsterdam,52.35971400001388,4.866208000411839,Europe/Amsterdam,"co,no,no2,o3,pm10,pm25",False,True,2026-03-03T10:00:00Z
96,Wijk aan Zee-Burgemeester Rothestraat,Wijk aan Zee,52.49399200004851,4.601986000379324,Europe/Amsterdam,"co,no,no2,pm10,pm25,so2",False,True,2025-09-04T13:00:00Z
97,IJmuiden-Kanaaldijk,IJmuiden,52.463040000051045,4.60177600031704,Europe/Amsterdam,"co,no,no2,pm10,pm25,so2",False,True,2026-03-03T10:00:00Z
98,Amsterdam-Westerpark,Amsterdam,52.39397200025616,4.870156999790721,Europe/Amsterdam,"pm10,pm25,so2",False,True,2026-03-03T10:00:00Z
99,Maastricht-A2 Kasteel Hillenraadweg,Amsterdam,50.8598,5.71381,Europe/Amsterdam,pm25,False,True,2021-04-20T21:00:00Z
100,Badhoevedorp-Sloterweg,Badhoevedorp,52.33400300025121,4.7740060003231,Europe/Amsterdam,"co,no,no2,pm10,pm25",False,True,2025-09-04T13:00:00Z
101,Amsterdam-Hoogtij,Amsterdam,52.42801700027339,4.7734780002434976,Europe/Amsterdam,"no,no2,pm10,pm25,so2",False,True,2025-09-04T13:00:00Z
102,Amsterdam-Einsteinweg,Amsterdam,52.38133100023151,4.845232999687698,Europe/Amsterdam,"co,no,no2,pm10,pm25",False,True,2026-03-03T10:00:00Z
103,"Income Tax Office, Delhi - CPCB",Amsterdam,28.6235,77.2494,Asia/Kolkata,"co,no2,o3,pm10,pm25",False,True,2018-02-22T03:45:00Z
135,Prabadang Rehabiltation Center,Samut Prakan,13.664087,100.543436,Asia/Bangkok,"no2,o3,pm10,pm25,so2",False,True,2026-03-03T11:00:00Z
136,Los Vientos,Samut Prakan,-32.833639,-70.99693,America/Santiago,"co,o3,pm10,so2",False,True,2016-02-16T18:00:00Z
137,Harrow - Stanmore,Harrow,51.617327,-0.298775,Europe/London,"no2,pm10,pm25",False,True,2023-08-14T09:00:00Z
138,"Lat Phrao Rd., Wang Thonglang",Harrow,13.792635009230002,100.59607755884,Asia/Bangkok,"co,no2,o3,pm10,so2",False,True,2020-09-23T04:00:00Z
139,Alto Hospicio,Harrow,-20.259620485825,-70.088653564453,America/Santiago,pm25,False,True,2016-02-23T11:00:00Z
140,Alto Hospicio,Harrow,-20.290859340668,-70.09955406189,America/Santiago,pm25,False,True,2016-02-23T12:00:00Z
141,London Harlington - UKA00472,London,51.48878999962389,-0.4416139999354945,Europe/London,"no2,o3,pm10,pm25",False,True,2026-03-03T11:00:00Z
142,Chengdu,Chengdu,30.63,104.07,Asia/Shanghai,pm25,False,True,2023-02-23T19:00:00Z
143,Shanghai,Shanghai,31.21,121.44,Asia/Shanghai,pm25,False,True,2023-05-22T06:00:00Z
144,Guangzhou,Guangzhou,23.12,113.32,Asia/Shanghai,pm25,False,True,2023-08-18T12:00:00Z
145,Escuela E-10,Guangzhou,-22.087,-70.193253,America/Santiago,"co,no2,o3,pm10,pm25,so2",False,True,2016-02-24T21:00:00Z
146,Southwark A2 Old Kent Road - UKA00558,London,51.4804989994662,-0.0595500002089531,Europe/London,"no2,pm10,pm25",False,True,2026-03-03T11:00:00Z
147,Greenwich - Eltham,Greenwich,51.45258,0.070766,Europe/London,"no2,o3,pm10,pm25",False,True,2024-05-30T08:00:00Z
148,London Bloomsbury - UKA00211,London,51.52228999923011,-0.1258890002113339,Europe/London,"no2,o3,pm10,pm25,so2",False,True,2026-03-03T11:00:00Z
149,Ealing Horn Lane,London,51.51895,-0.265617,Europe/London,"no2,pm10",False,True,2026-03-03T11:00:00Z
150,London Haringey Priory Park South - UKA00568,London,51.58412799971813,-0.1252540000016108,Europe/London,"no2,o3,pm10,pm25",False,True,2026-03-03T11:00:00Z
151,Tower Hamlets - Mile End Road,Tower Hamlets,51.5225294860844,-0.0421550991900347,Europe/London,"no2,pm25",False,True,2026-03-03T10:00:00Z
152,Camden Kerbside,London,51.54421,-0.175269,Europe/London,"no2,pm10,pm25",False,True,2026-03-03T11:00:00Z
153,London Hillingdon - UKA00266,London,51.49632999971629,-0.4608609995824734,Europe/London,"no2,o3,pm10,pm25",False,True,2026-03-03T11:00:00Z
154,London Marylebone Road - UKA00315,London,51.52252999942243,-0.1546110000804996,Europe/London,"co,no2,o3,pm10,pm25,so2",False,True,2026-03-03T11:00:00Z
155,London N. Kensington - UKA00253,London,51.52104999941992,-0.213491999744541,Europe/London,"co,no2,o3,pm10,pm25,so2",False,True,2026-03-03T11:00:00Z
156,London Teddington,London,51.42099,-0.339647,Europe/London,"no2,o3",False,True,2016-07-27T00:00:00Z
157,Bexley - Slade Green Fidas,Bexley,51.4659832746662,0.184877126994369,Europe/London,"no2,o3,pm10,pm25,so2",False,True,2026-03-03T11:00:00Z
158,London Teddington Bushy Park - UKA00572,London,51.425285999344624,-0.3456059996846904,Europe/London,"pm10,pm25",False,True,2026-03-03T11:00:00Z
159,London Westminster - UKA00435,London,51.4946699996591,-0.1319309996420449,Europe/London,"no2,o3,pm25",False,True,2026-03-03T11:00:00Z
160,Derry,London,55.001225,-7.329115,Europe/London,"no2,o3,pm10,pm25,so2",False,True,2016-03-02T22:00:00Z
161,Clinton C403/C304/AH113,London,29.7337263,-95.2575931,America/Chicago,"co,no2,o3,so2",False,True,2016-03-06T19:00:00Z
162,Houston Deer Park C3,Houston-Sugar Land-Baytown,29.670025,-95.128508,America/Chicago,"co,no2,o3,pm10,pm25,so2",False,True,2026-03-03T11:00:00Z
163,Danciger C618,Houston-Sugar Land-Baytown,29.144291,-95.756601,America/Chicago,"no2,o3",False,True,2016-03-06T17:00:00Z
164,Houston North Loop C,Houston-Sugar Land-Baytown,29.81453,-95.38769,America/Chicago,"co,no2,pm25",False,True,2026-03-02T12:00:00Z
165,UH WG Jones Forest C698,Houston-Sugar Land-Baytown,30.2362,-95.4832,America/Chicago,"co,o3",False,True,2016-03-06T18:00:00Z
166,UH Moody Tower C695,Houston-Sugar Land-Baytown,29.7176,-95.3414,America/Chicago,"co,o3",False,True,2016-03-06T18:00:00Z
167,UH Coastal Center C697,Houston-Sugar Land-Baytown,29.3879,-95.0414,America/Chicago,"co,o3",False,True,2016-03-06T18:00:00Z
168,Houston East C1/G316,Houston-Sugar Land-Baytown,29.7679965,-95.2205822,America/Chicago,"no2,o3",False,True,2016-03-06T18:00:00Z
169,Houston Texas Avenue C411,Houston-Sugar Land-Baytown,29.752778,-95.350278,America/Chicago,"no2,o3",False,True,2016-03-06T18:00:00Z
170,Lake Jackson C1016,Houston-Sugar Land-Baytown,29.0437592,-95.4729462,America/Chicago,"no2,o3",False,True,2016-03-06T18:00:00Z
171,U of H,Houston-Sugar Land-Baytown,29.5741,-95.6497,America/Chicago,o3,False,True,2016-03-06T18:00:00Z
172,HRM,Houston-Sugar Land-Baytown,29.7647877,-95.1785379,America/Chicago,"no2,o3",False,True,2016-03-06T18:00:00Z
173,Houston Westhollow C,Houston-Sugar Land-Baytown,29.7233,-95.6358,America/Chicago,"o3,pm25",False,True,2026-03-03T11:00:00Z
174,Wallisville Road C617,Houston-Sugar Land-Baytown,29.821389,-94.99,America/Chicago,"no2,o3",False,True,2016-03-06T18:00:00Z
175,Texas City Ball Park A147/C1022,Houston-Sugar Land-Baytown,29.3852338,-94.9315197,America/Chicago,so2,False,True,2016-03-06T18:00:00Z
176,Freeport South Avenue I C1012,Houston-Sugar Land-Baytown,28.96443,-95.35483,America/Chicago,so2,False,True,2016-03-06T18:00:00Z
177,Sheldon C551,Houston-Sugar Land-Baytown,29.8586111,-95.1602778,America/Chicago,o3,False,True,2016-03-06T18:00:00Z
178,Conroe Relocated C78/A321,Houston-Sugar Land-Baytown,30.3503017,-95.4251278,America/Chicago,"no2,o3",False,True,2016-03-06T18:00:00Z
179,Texas City 34th St. C620,Houston-Sugar Land-Baytown,29.4057,-94.94712,America/Chicago,"no2,o3",False,True,2016-03-06T18:00:00Z
180,Channelview C15/AH115,Houston-Sugar Land-Baytown,29.8027073,-95.1254948,America/Chicago,"no2,o3",False,True,2016-03-06T18:00:00Z
181,Houston Southwest Freeway C1066,Houston-Sugar Land-Baytown,29.7216,-95.49265,America/Chicago,no2,False,True,2016-03-06T18:00:00Z
183,Lynchburg Ferry C1015/A165,Houston-Sugar Land-Baytown,29.7616528,-95.0813861,America/Chicago,"no2,o3",False,True,2016-03-06T19:00:00Z
184,Crosby Library C553,Houston-Sugar Land-Baytown,29.9208333,-95.0683333,America/Chicago,o3,False,True,2016-03-06T19:00:00Z
186,Houston Aldine C8,Houston-Sugar Land-Baytown,29.9011,-95.3261,America/Chicago,"no2,o3,pm25",False,True,2026-03-03T11:00:00Z
187,Houston Bayland Park,Houston-Sugar Land-Baytown,29.6958,-95.4992,America/Chicago,"no2,o3,pm25",False,True,2026-03-03T11:00:00Z
188,Houston Croquet C409,Houston-Sugar Land-Baytown,29.6239,-95.4742,America/Chicago,"o3,so2",False,True,2026-03-03T11:00:00Z
189,Atascocita C560,Houston-Sugar Land-Baytown,29.961944,-95.235,America/Chicago,o3,False,True,2016-03-06T19:00:00Z
190,Huffman Wolf Road C563,Houston-Sugar Land-Baytown,30.05786,-95.06147,America/Chicago,o3,False,True,2016-03-06T19:00:00Z
191,Seabrook Friendship,Houston-Sugar Land-Baytown,29.5831,-95.0156,America/Chicago,"o3,pm25",False,True,2026-03-03T11:00:00Z
192,Lang C408,Houston-Sugar Land-Baytown,29.8342,-95.4892,America/Chicago,"no2,o3",False,True,2026-03-03T11:00:00Z
193,Houston Monroe C406,Houston-Sugar Land-Baytown,29.6256,-95.2672,America/Chicago,"o3,so2",False,True,2026-03-03T11:00:00Z
194,Houston North Wayside C405,Houston-Sugar Land-Baytown,29.8280859,-95.2840958,America/Chicago,"o3,so2",False,True,2016-03-06T19:00:00Z
195,Houston Park Place C,Houston-Sugar Land-Baytown,29.68639,-95.294724,America/Chicago,"no2,o3,pm25,so2",False,True,2026-03-03T11:00:00Z
196,West Houston C554,Houston-Sugar Land-Baytown,29.8330556,-95.6569444,America/Chicago,o3,False,True,2016-03-06T19:00:00Z
197,Baytown Wetlands Center C552,Houston-Sugar Land-Baytown,29.7330556,-94.9847222,America/Chicago,o3,False,True,2016-03-06T19:00:00Z
198,Bunker Hill Village C562,Houston-Sugar Land-Baytown,29.778333,-95.538056,America/Chicago,o3,False,True,2016-03-06T19:00:00Z
199,Baytown Garth C1017,Houston-Sugar Land-Baytown,29.823319,-94.983786,America/Chicago,"o3,so2",False,True,2026-03-03T11:00:00Z
200,Meyer Park C561,Houston-Sugar Land-Baytown,30.011667,-95.5225,America/Chicago,o3,False,True,2016-03-06T19:00:00Z
202,Galveston 99th St. C1034/A320/X183,Houston-Sugar Land-Baytown,29.2544736,-94.8612886,America/Chicago,"no2,o3",False,True,2016-03-06T19:00:00Z
203,Katy Park C559,Houston-Sugar Land-Baytown,29.8105556,-95.8061111,America/Chicago,o3,False,True,2016-03-06T19:00:00Z
204,Manvel Croix Park C84,Houston-Sugar Land-Baytown,29.5204432,-95.3925089,America/Chicago,"no2,o3",False,True,2016-03-06T19:00:00Z
205,Northwest Harris Co. C26/A110/X154,Houston-Sugar Land-Baytown,30.039524,-95.6739508,America/Chicago,"no2,o3",False,True,2016-03-06T19:00:00Z
206,Tom Bass C558,Houston-Sugar Land-Baytown,29.5894444,-95.3536111,America/Chicago,o3,False,True,2016-03-06T19:00:00Z
207,MMFRA1001,Houston-Sugar Land-Baytown,39.482481,-121.221235,America/Los_Angeles,pm25,False,True,2016-03-16T22:00:00Z
209,Tooele,Houston-Sugar Land-Baytown,40.539299,-112.299797,America/Denver,pm25,False,True,2016-03-07T16:00:00Z
210,Liceo Polivalente,Tomé,-36.601713211434,-72.958522830688,America/Santiago,"no2,o3,pm10,pm25,so2",False,True,2026-03-03T09:00:00Z
211,Felton Cal-Fire,Tomé,37.0481,-122.074603,America/Los_Angeles,pm25,False,True,2022-04-08T18:00:00Z
212,ROLAND,Fort Smith,35.408138,-94.524414,America/Chicago,"no,no2,nox,o3,pm10,pm25",False,True,2026-03-03T11:00:00Z
213,Twin Falls PM25,TWIN FALLS,42.565089,-114.494717,America/Boise,pm25,False,True,2026-03-03T11:00:00Z
214,MMFRA1001,TWIN FALLS,39.482385,-121.221128,America/Los_Angeles,pm25,False,True,2016-03-16T05:00:00Z
215,Unionville,TUSCOLA,43.61,-83.36,America/Detroit,o3,False,True,2026-03-03T11:00:00Z
216,South Bend-Shields D,South Bend-Mishawaka,41.696667,-86.214722,America/Indiana/Indianapolis,"no2,o3,pm25",False,True,2026-03-03T11:00:00Z
217,Lafayette-Greenbush,Lafayette,40.431667,-86.8525,America/Indiana/Indianapolis,pm25,False,True,2026-03-02T10:00:00Z
218,Ogden Dunes,Chicago-Naperville-Joliet,41.617814,-87.199533,America/Chicago,"o3,pm25",False,True,2026-03-03T11:00:00Z
219,Columbus - Rocky For,Columbus,39.237457,-85.891332,America/Indiana/Indianapolis,pm25,False,True,2026-03-02T10:00:00Z
220,Larwill,WHITLEY,41.169722,-85.629444,America/Indiana/Indianapolis,"no2,pm25,so2",False,True,2026-03-03T11:00:00Z
221,Indpls-Washington Pa,Indianapolis,39.810833,-86.114444,America/Indiana/Indianapolis,"co,no2,o3,pm10,pm25,so2",False,True,2026-03-03T11:00:00Z
222,Terre Haute-Lafayett,Terre Haute,39.485987,-87.401312,America/Indiana/Indianapolis,"o3,pm25,so2",False,True,2026-03-03T11:00:00Z
223,Gary-IITRI,Chicago-Naperville-Joliet,41.606563,-87.305015,America/Chicago,"bc,no2,o3,pm10,pm25,so2",False,True,2026-03-03T11:00:00Z
224,Fort Wayne-Beacon St,Chicago-Naperville-Joliet,41.094965,-85.101816,America/Indiana/Indianapolis,"o3,pm25",False,True,2021-09-30T14:00:00Z
225,New Albany,Chicago-Naperville-Joliet,38.30703,-85.832974,America/Kentucky/Louisville,"o3,pm25,so2",False,True,2023-01-04T14:00:00Z
226,Elkhart-Prairie St.,Elkhart-Goshen,41.657155,-85.968446,America/Indiana/Indianapolis,"bc,pm25",False,True,2026-03-03T11:00:00Z
227,Kokomo - E. Vaile Av,Kokomo,40.481347,-86.109688,America/Indiana/Indianapolis,"o3,pm25",False,True,2026-03-03T11:00:00Z
228,Fishers,Indianapolis,39.960884,-85.939546,America/Indiana/Indianapolis,pm25,False,True,2026-03-02T10:00:00Z
229,Caddo Valley,Arkadelphia,34.1795,-93.0988,America/Chicago,o3,False,True,2026-03-03T11:00:00Z
230,Barstow,Riverside-San Bernardino-Ontario,34.894054,-117.024756,America/Los_Angeles,"o3,pm10",False,True,2026-03-03T11:00:00Z
231,Lucerne Valley,SAN BERNARDINO,34.4101,-116.906874,America/Los_Angeles,"o3,pm10",False,True,2026-03-03T11:00:00Z
232,Trona - Athol and Te,Riverside-San Bernardino-Ontario,35.774455,-117.372109,America/Los_Angeles,"o3,pm10",False,True,2026-03-03T11:00:00Z
233,Spokane Valley-E Bro,Spokane,47.663962,-117.25765,America/Los_Angeles,"pm10,pm25",False,True,2026-03-03T11:00:00Z
234,Enterprise - US Fore,WALLOWA,45.426351,-117.296066,America/Los_Angeles,pm25,False,True,2026-03-03T11:00:00Z
235,"Anand Vihar, New Delhi - DPCC",WALLOWA,28.646835,77.316032,Asia/Kolkata,"co,co,no,no2,no2,nox,o3,o3,pm10,pm10,pm25,pm25,relativehumidity,so2,so2,temperature,wind_direction,wind_speed",False,True,2026-03-03T10:30:00Z
236,"Mandir Marg, Delhi - DPCC",WALLOWA,28.6341,77.2005,Asia/Kolkata,"co,no2,o3,pm10,pm25,so2",False,True,2018-02-21T21:15:00Z
237,San Ysidro,WALLOWA,32.543475,-117.029028,America/Los_Angeles,pm25,False,True,2016-03-22T15:00:00Z
238,Maryland Heights,WALLOWA,38.7108,-90.4758,America/Chicago,o3,False,True,2016-03-22T23:00:00Z
239,Alamo Lake,LA PAZ,34.243889,-113.558611,America/Phoenix,"o3,pm10,pm25,so2",False,True,2026-03-03T11:00:00Z
240,Waterbury,New Haven-Milford,41.5503,-73.0442,America/New_York,"pm10,pm25",False,True,2026-03-03T11:00:00Z
241,Pernis-Soetemanweg,New Haven-Milford,51.8879,4.38881,Europe/Amsterdam,"no2,pm10",False,True,2016-03-23T14:00:00Z
242,Potawatomi,FOREST,45.5639,-88.81,America/Chicago,"no2,o3,pm25,so2",False,True,2026-03-03T11:00:00Z
243,ELDOSPGS,FOREST,37.695801,-94.037498,America/Chicago,"o3,pm25",False,True,2016-03-23T19:00:00Z
244,Liberty,Kansas City,39.303056,-94.376389,America/Chicago,"o3,pm25",False,True,2026-03-03T11:00:00Z
245,Pacific,Kansas City,38.490299,-90.705299,America/Chicago,o3,False,True,2016-03-23T19:00:00Z
246,Hillcrest HS,Kansas City,37.256136,-93.299886,America/Chicago,"o3,pm10,pm25",False,True,2016-03-23T19:00:00Z
247,CARTHAGE,Kansas City,37.198286,-94.317246,America/Chicago,pm10,False,True,2016-03-23T19:00:00Z
248,MRGRETTA,Kansas City,38.673172,-90.239086,America/Chicago,"no2,pm10,so2",False,True,2019-02-27T19:00:00Z
249,Farrar,Kansas City,37.701893,-89.697655,America/Chicago,o3,False,True,2016-03-23T19:00:00Z
250,ARNOLD,Kansas City,38.448633,-90.39854,America/Chicago,"o3,pm10,pm25",False,True,2016-03-23T19:00:00Z
251,Fellows Lake,Kansas City,37.31951,-93.204635,America/Chicago,o3,False,True,2016-03-23T19:00:00Z
252,Buick NE,Kansas City,37.652142,-91.11689,America/Chicago,so2,False,True,2016-03-23T19:00:00Z
253,BONTERRE,Kansas City,37.8969,-90.4222,America/Chicago,o3,False,True,2016-03-23T19:00:00Z
254,WEST ALTON,Kansas City,38.8708,-90.224403,America/Chicago,o3,False,True,2016-03-23T20:00:00Z
