StationId,StationName,City,State,Status,Latitude,Longitude,Distance_to_Nearest_Road,PM2.5,PM10,NO2,CO,SO2,O3
AP001,"Secretariat, Amaravati - APPCB",Amaravati,Andhra Pradesh,Active,16.494222,80.5105858,3.267105005677298,68.69021545015713,165.11792160208023,22.927887145481535,1.3091980910106091,70.13509819234346,73.75266790435313
AP002,"Anand Kala Kshetram, Rajamahendravaram - APPCB",Rajamahendravaram,Andhra Pradesh,,17.0050454,81.7804732,4.041873944684316,143.59285983328908,115.44830582788266,81.413133232767,1.563591096541042,41.55733986871353,85.33119955273048
AP003,"Tirumala, Tirupati - APPCB",Tirupati,Andhra Pradesh,,13.6316368,79.4231711,0.8766827045373461,115.15921243548266,128.07366038648104,92.06493671919657,1.7690259467111376,72.09141701705686,72.77243155023552
AP004,"PWD Grounds, Vijayawada - APPCB",Vijayawada,Andhra Pradesh,,16.5115306,80.6160469,3.2918429374831764,97.82560294561476,113.72800794920687,74.17056416068756,1.1060243310377005,64.98914419604864,71.21266945842703
AP005,"GVM Corporation, Visakhapatnam - APPCB",Visakhapatnam,Andhra Pradesh,Active,17.6935526,83.2921297,5.354806410291686,40.28242325751675,63.191307925667566,115.83898033219961,0.7870920618480088,36.89101283519251,65.67502403936659
AS001,"Railway Colony, Guwahati - APCB",Guwahati,Assam,Active,26.1805978,91.753943,17.267054429057325,40.27928764370634,152.8168595944559,51.23576374760745,2.0265501061040814,6.685198124008805,77.74449756018771
BR001,"Collectorate, Gaya - BSPCB",Gaya,Bihar,,24.7964355,85.0079563,12.47436757326646,27.550869581865932,77.7313016149455,41.42832949100468,1.2215763831006394,25.150801953870957,24.274459476376634
BR002,"SFTI Kusdihra, Gaya - BSPCB",Gaya,Bihar,,24.7964355,85.0079563,12.47436757326646,132.60289895074158,34.133714293347154,105.54590410084063,1.9530955535565306,45.62256609956502,89.27836832790356
BR003,"Industrial Area, Hajipur - BSPCB",Hajipur,Bihar,,,,,98.14495152661715,139.73029030421853,34.59554223713979,0.8859067881855058,52.51086648696104,88.46591749707088
BR004,"Muzaffarpur Collectorate, Muzaffarpur - BSPCB",Muzaffarpur,Bihar,,26.1482548,85.3316097,13.850465915673915,112.04943511348591,60.10881549919832,115.95447933846725,1.7028502546370436,24.341576407490173,12.632255473110323
BR005,"DRM Office Danapur, Patna - BSPCB",Patna,Bihar,Active,25.6093239,85.1235252,13.272758916709456,22.675984258454317,189.87795933999544,11.336992215879798,1.8314735813789647,15.45170555546181,84.32350755082864
BR006,"Govt. High School Shikarpur, Patna - BSPCB",Patna,Bihar,Active,25.6093239,85.1235252,13.272758916709456,146.08828078105927,192.16785809043986,116.68667093784029,0.6295588420560673,67.61976775994744,21.598288072610067
BR007,"IGSC Planetarium Complex, Patna - BSPCB",Patna,Bihar,Active,25.6093239,85.1235252,13.272758916709456,128.21754330405483,185.52694633747626,14.747590314563372,1.3415106954848015,78.83016355276641,40.16069688332277
BR008,"Muradpur, Patna - BSPCB",Patna,Bihar,Active,25.6093239,85.1235252,13.272758916709456,47.6040843881759,92.92697904342555,108.02574250678782,0.8360366923474356,44.42676367270144,76.9157430662447
BR009,"Rajbansi Nagar, Patna - BSPCB",Patna,Bihar,Active,25.6093239,85.1235252,13.272758916709456,43.63724573692308,32.62762480990746,68.04712199949299,0.6584374261819194,17.875946438622762,24.46839064434774
BR010,"Samanpura, Patna - BSPCB",Patna,Bihar,Active,25.6093239,85.1235252,13.272758916709456,43.84258628094639,187.8141556399133,119.22612757312304,2.974900580974863,25.42304948895267,83.6170321707156
CH001,"Sector-25, Chandigarh - CPCC",Chandigarh,Chandigarh,Active,30.7334421,76.7797143,17.852835376827706,59.55149158473991,102.79130521394343,18.117622120893877,1.3058846124368073,6.379300741060005,84.89207601619677
DL001,"Alipur, Delhi - DPCC",Delhi,Delhi,Active,28.6138954,77.2090057,15.690261448049178,88.21833611219093,194.33131923742383,70.9239712841453,2.5246861146365873,73.57241049203742,55.67209603847526
DL002,"Anand Vihar, Delhi - DPCC",Delhi,Delhi,Active,28.6138954,77.2090057,15.690261448049178,76.15285242347505,193.815396105173,116.62327891810088,1.1366016369094096,13.831331216760585,10.574728454515022
DL003,"Ashok Vihar, Delhi - DPCC",Delhi,Delhi,Active,28.6138954,77.2090057,15.690261448049178,57.85978822574545,175.0116074294512,67.54076285871636,2.203756805559823,48.23873566356902,35.83343198574215
DL004,"Aya Nagar, Delhi - IMD",Delhi,Delhi,Active,28.6138954,77.2090057,15.690261448049178,99.54087631390934,80.05631165182956,79.23385019487888,2.4005696497242166,25.55414155154045,65.5234226538168
DL005,"Bawana, Delhi - DPCC",Delhi,Delhi,Active,28.6138954,77.2090057,15.690261448049178,38.13420188476544,95.46661386232729,86.53235578830788,1.9890968515196108,46.5633501886845,98.30675602246811
DL006,"Burari Crossing, Delhi - IMD",Delhi,Delhi,Inactive,28.6138954,77.2090057,15.690261448049178,57.97880430957836,174.69323415786567,59.99951712445505,1.678940471375396,53.856529126389816,66.86321743150015
DL007,"CRRI Mathura Road, Delhi - IMD",Delhi,Delhi,Active,28.6138954,77.2090057,15.690261448049178,67.62703962817992,83.8767408765672,79.03138880924698,1.5296022853681714,67.23063527804013,33.38232229577439
DL008,"DTU, Delhi - CPCB",Delhi,Delhi,Active,28.6138954,77.2090057,15.690261448049178,79.28909794821467,58.81376693663572,74.27457431154103,1.3721706663574882,20.481595382045242,67.06051327896502
DL009,"Dr. Karni Singh Shooting Range, Delhi - DPCC",Delhi,Delhi,Active,28.6138954,77.2090057,15.690261448049178,122.07287498109177,124.65621461791953,109.12738115400879,2.823822860619565,5.824687149386036,58.59868417442699
DL010,"Dwarka-Sector 8, Delhi - DPCC",Delhi,Delhi,Active,28.6138954,77.2090057,15.690261448049178,45.957591680586766,189.14631160733276,14.999101837560366,2.576548519469323,15.266422255160546,80.18608556360293
DL011,"East Arjun Nagar, Delhi - CPCB",Delhi,Delhi,Active,28.6138954,77.2090057,15.690261448049178,86.8504769937695,148.3250654347454,40.905950855145335,2.9125672766662816,72.50139813860788,19.628257494426258
DL012,"IGI Airport (T3), Delhi - IMD",Delhi,Delhi,Active,28.6138954,77.2090057,15.690261448049178,97.01389395206552,126.91039891519205,114.54526324842146,0.8107430587138618,70.54175581718864,78.49251122518253
DL013,"IHBAS, Dilshad Garden, Delhi - CPCB",Delhi,Delhi,Active,28.6138954,77.2090057,15.690261448049178,26.038553653599706,46.52000394103065,107.92901622800079,2.3271686880091105,49.805982662773125,58.71399208084993
DL014,"ITO, Delhi - CPCB",Delhi,Delhi,Active,28.6138954,77.2090057,15.690261448049178,98.98083074718699,134.55122853885885,60.122242806428424,2.8458511420525947,50.038764532524006,96.66928034730952
DL015,"Jahangirpuri, Delhi - DPCC",Delhi,Delhi,Active,28.6138954,77.2090057,15.690261448049178,42.1681360793479,198.30915451772475,78.21458575816904,0.9530826654141504,54.877750590969164,40.76849494348175
DL016,"Jawaharlal Nehru Stadium, Delhi - DPCC",Delhi,Delhi,Active,28.6138954,77.2090057,15.690261448049178,28.456707088086336,53.81428259020909,40.51193012792459,0.6662406684169437,18.15284589675872,66.93597038205533
DL017,"Lodhi Road, Delhi - IMD",Delhi,Delhi,Active,28.6138954,77.2090057,15.690261448049178,143.35511984293333,118.11604090183525,30.693327569613743,2.3528016232251474,73.58089594437199,93.88252949590157
DL018,"Major Dhyan Chand National Stadium, Delhi - DPCC",Delhi,Delhi,Active,28.6138954,77.2090057,15.690261448049178,145.5321642996927,179.15342222775243,61.00682454339804,1.9361827829497797,36.40778936690548,19.225875519161132
DL019,"Mandir Marg, Delhi - DPCC",Delhi,Delhi,Active,28.6138954,77.2090057,15.690261448049178,125.09165525513994,155.93066501821477,48.86874508286581,2.60457194189568,33.735389618712304,94.3505638512806
DL020,"Mundka, Delhi - DPCC",Delhi,Delhi,Active,28.6138954,77.2090057,15.690261448049178,59.59978999253819,148.49267596919555,74.20217230359593,0.8494309415657237,43.91882789621282,71.9097150070732
DL021,"NSIT Dwarka, Delhi - CPCB",Delhi,Delhi,Active,28.6138954,77.2090057,15.690261448049178,32.69737482082991,149.4222942778086,18.55081006614833,2.4881682796497255,8.52244750812913,16.10533531946547
DL022,"Najafgarh, Delhi - DPCC",Delhi,Delhi,Active,28.6138954,77.2090057,15.690261448049178,108.9502934465804,91.11349570735838,117.1834288432783,1.0040683001193613,17.471252656705957,37.086721025213464
DL023,"Narela, Delhi - DPCC",Delhi,Delhi,Active,28.6138954,77.2090057,15.690261448049178,77.21982418614817,79.91061352496388,118.48318189275632,0.9091398571642613,60.35252123197778,73.73548797807534
DL024,"Nehru Nagar, Delhi - DPCC",Delhi,Delhi,Active,28.6138954,77.2090057,15.690261448049178,35.86497052982125,167.5913964313473,86.79778854217197,0.9106644948274824,11.209900094384485,16.061554132189453
DL025,"North Campus, DU, Delhi - IMD",Delhi,Delhi,Active,28.6138954,77.2090057,15.690261448049178,84.37299831446512,167.71927709546074,68.97060029785325,2.536436800578455,50.23640820997912,62.39534141586459
DL026,"Okhla Phase-2, Delhi - DPCC",Delhi,Delhi,Active,28.6138954,77.2090057,15.690261448049178,24.47050774497839,177.40229415861762,44.04803779149605,2.1629930517405,23.40118322609907,41.129475125766106
DL027,"Patparganj, Delhi - DPCC",Delhi,Delhi,Active,28.6138954,77.2090057,15.690261448049178,138.21165227024167,185.25089393460013,99.51745216776436,1.8076635619227983,34.19717105314824,65.88239659907293
DL028,"Punjabi Bagh, Delhi - DPCC",Delhi,Delhi,Active,28.6138954,77.2090057,15.690261448049178,53.6413976080022,116.92820780635942,85.32042898092672,1.3970762103087562,26.65203025780249,14.116783043126157
DL029,"Pusa, Delhi - DPCC",Delhi,Delhi,Active,28.6138954,77.2090057,15.690261448049178,106.12789696601766,115.25777009682393,27.887863327938042,2.6930013520327707,31.675453734871184,88.43831255371387
DL030,"Pusa, Delhi - IMD",Delhi,Delhi,Active,28.6138954,77.2090057,15.690261448049178,60.52243989162342,165.7101804243518,110.20199029432267,1.4811127685565886,58.92844288881841,97.61400722596572
DL031,"R K Puram, Delhi - DPCC",Delhi,Delhi,Active,28.6138954,77.2090057,15.690261448049178,87.60884275311541,140.49386823222008,100.47909672154859,2.5414985986789427,27.284128671738127,97.19900697571224
DL032,"Rohini, Delhi - DPCC",Delhi,Delhi,Active,28.6138954,77.2090057,15.690261448049178,91.07233631462636,149.33436913380956,114.47799046211165,1.597837271425546,47.480348022267286,77.46866485686323
DL033,"Shadipur, Delhi - CPCB",Delhi,Delhi,Active,28.6138954,77.2090057,15.690261448049178,44.03107921831851,165.28475380413718,89.82914592271959,1.442361073562269,40.703780164932475,21.70776161175688
DL034,"Sirifort, Delhi - CPCB",Delhi,Delhi,Active,28.6138954,77.2090057,15.690261448049178,146.04600160939262,181.30090810898628,77.47567155293689,1.656699464174016,54.77533740219861,78.24368763361203
DL035,"Sonia Vihar, Delhi - DPCC",Delhi,Delhi,Active,28.6138954,77.2090057,15.690261448049178,120.76726703694489,87.45917666476109,56.006733991968076,1.2534446854103551,75.26223044935685,12.212822481292136
DL036,"Sri Aurobindo Marg, Delhi - DPCC",Delhi,Delhi,Active,28.6138954,77.2090057,15.690261448049178,142.13486240334458,93.84910194879049,112.60013316894145,2.369023450440628,59.94290729076877,11.991119637609753
DL037,"Vivek Vihar, Delhi - DPCC",Delhi,Delhi,Active,28.6138954,77.2090057,15.690261448049178,136.32755555559436,45.97692977294773,105.26702784504492,1.756800975231198,21.120528394306756,39.12491972345872
DL038,"Wazirpur, Delhi - DPCC",Delhi,Delhi,Active,28.6138954,77.2090057,15.690261448049178,97.72699724544107,128.30762396934958,14.974053711680835,1.0805317378670432,7.33873512959635,53.977887136419916
GJ001,"Maninagar, Ahmedabad - GPCB",Ahmedabad,Gujarat,Active,23.0215374,72.5800568,12.446766204338942,139.8436505530052,36.110186545446155,12.90036719469772,2.748936433186421,24.66980332248688,79.33666760270138
GJ002,"GIDC, Ankleshwar - GPCB",Ankleshwar,Gujarat,,21.6293206,72.9945103,11.103181881173445,31.504025266749537,109.15166308251823,51.41097035658546,1.4597280534330286,49.630844802519114,71.49658389458547
GJ003,"Sector-10, Gandhinagar - GPCB",Gandhinagar,Gujarat,,23.2232877,72.6492267,12.56532961167295,45.47777211448887,122.24958790028802,99.16086638600162,1.8588821527849715,8.856936011318776,50.13124357390735
GJ004,"GIDC, Nandesari - Nandesari Ind. Association",Nandesari,Gujarat,,22.4178037,73.0949186,11.654281750310872,25.87954755836995,78.71201286180835,118.60037422464389,2.7661802774113675,42.22746854009272,34.62639996534993
GJ005,"Phase-1 GIDC, Vapi - GPCB",Vapi,Gujarat,,20.3735482,72.9084376,10.235606688711403,62.292942999224366,130.44165429673183,26.5458580213881,2.0605949897849802,49.76321366876669,99.74120501419401
GJ006,"Phase-4 GIDC, Vatva - GPCB",Vatva,Gujarat,,22.9589978,72.6297981,12.36686511682376,70.52804765963266,35.185042489638406,75.35437868873487,0.7922451017709102,30.06829181127206,48.356317201237566
HR001,"Patti Mehar, Ambala - HSPCB",Ambala,Haryana,Active,30.3843674,76.770421,17.512501220335576,55.275374130606465,36.34919208736645,51.89799422941237,2.849580309033688,62.81841528093664,50.62483218967079
HR002,"Arya Nagar, Bahadurgarh - HSPCB",Bahadurgarh,Haryana,Active,28.6933239,76.9332373,15.824078478082724,127.73587618975081,169.8420953121419,116.69058375960635,2.0692701326785445,12.994868985032884,24.726143907250226
HR003,"Nathu Colony, Ballabgarh - HSPCB",Ballabgarh,Haryana,Active,28.2940728,77.3592238,15.347492269115676,66.3779324701666,91.2324090399147,102.63308154492796,1.3372640366427153,10.635333630185658,81.53285938749364
HR004,"H.B. Colony, Bhiwani - HSPCB",Bhiwani,Haryana,Active,28.7931703,76.1391283,16.107022926430265,56.5214862593595,51.600287150820414,102.21615751822516,0.8481801816584682,59.61415671527025,72.43140032033398
HR005,"Municipal Corporation Office, Dharuhera - HSPCB",Dharuhera,Haryana,Active,28.2055216,76.7953099,15.378224390002474,90.5504908105723,118.78135420931675,61.55624757744673,2.48506297317574,42.161848715464885,29.869265150988436
HR006,"New Industrial Town, Faridabad - HSPCB",Faridabad,Haryana,Active,28.4031478,77.3105561,15.463848170962889,38.32014924671914,160.89890402676383,55.63014525714317,2.0501818898212836,56.6301797320802,17.414294105425842
HR007,"Sector 11, Faridabad - HSPCB",Faridabad,Haryana,Active,28.4031478,77.3105561,15.463848170962889,124.28560749802516,66.68957467446333,40.074777912377684,1.8336527299408039,37.61205039528097,71.24493718672417
HR008,"Sector 30, Faridabad - HSPCB",Faridabad,Haryana,Active,28.4031478,77.3105561,15.463848170962889,29.691583678370208,135.89138088923005,16.20130463160198,2.7347314576273942,23.480152492933012,68.90600928530216
HR009,"Sector- 16A, Faridabad - HSPCB",Faridabad,Haryana,Active,28.4031478,77.3105561,15.463848170962889,148.29530175806724,44.50906904894056,105.11946138805585,2.4714930280613268,66.43267382556498,34.59335742983884
HR010,"Huda Sector, Fatehabad - HSPCB",Fatehabad,Haryana,Active,29.5359209,75.5752901,16.97331801656956,120.39182000856546,38.78589259866331,99.41911100430853,0.8791871993318779,64.95619092267344,95.57772060253693
HR011,"NISE Gwal Pahari, Gurugram - IMD",Gurugram,Haryana,Active,28.4646148,77.0299194,15.580182389263877,45.83303859944242,120.33028736658515,119.96894406147436,1.2793051694888706,57.10223531408201,23.59521026028102
HR012,"Sector-51, Gurugram - HSPCB",Gurugram,Haryana,Active,28.4646148,77.0299194,15.580182389263877,20.717875226068312,121.90797067371811,119.6300520781296,1.1212228495361645,25.4108852922472,48.91013209383417
HR013,"Teri Gram, Gurugram - HSPCB",Gurugram,Haryana,Active,28.4646148,77.0299194,15.580182389263877,126.00998569912844,138.3630832546951,71.09748761628902,2.359865731431692,49.26730001518153,94.9254328150839
HR014,"Vikas Sadan, Gurugram - HSPCB",Gurugram,Haryana,Active,28.4646148,77.0299194,15.580182389263877,111.89145470019022,153.43552673285245,94.58861566985615,0.5838310868394485,32.073042270502015,47.775458523351006
HR015,"Urban Estate-II, Hisar - HSPCB",Hisar,Haryana,Active,29.2396596,75.8174505,16.62228347511885,114.77093184532835,195.8948535086309,113.92423028706708,1.9247242121782913,11.86865549949756,67.4673352897677
HR016,"Police Lines, Jind - HSPCB",Jind,Haryana,Active,29.3152073,76.314082,16.56943053207023,120.26514506917295,117.77105921120321,103.46121297451526,2.4061467143517263,73.7985181596682,45.78349581665149
HR017,"Rishi Nagar, Kaithal - HSPCB",Kaithal,Haryana,Active,29.7996588,76.3989903,17.02070925243565,29.62580472543175,84.9026004000118,37.20829119175174,2.6919140919043736,15.261397318922105,34.67936821138031
HR018,"Sector-12, Karnal - HSPCB",Karnal,Haryana,Active,29.7255766,76.9106924,16.838967102654685,66.60054471075543,165.18165311067963,59.55985488411029,1.3552043717897686,76.26780153656019,98.55798831638454
HR019,"Sector-7, Kurukshetra - HSPCB",Kurukshetra,Haryana,Active,29.9693747,76.8482787,17.090323173028242,35.062977738266866,76.04148271455261,24.207535666664448,2.5531432616800322,38.45043297184668,46.84006056835387
HR020,"General Hospital, Mandikhera - HSPCB",Mandikhera,Haryana,Active,27.897075,76.9922014,15.03373201228646,132.20344536382714,104.62514151995813,114.94561299845947,0.7765793423880181,18.884969662896474,90.4689283311221
HR021,"Sector-2 IMT, Manesar - HSPCB",Manesar,Haryana,Active,28.3247096,76.9263787,15.465449977667854,101.02875648758253,43.337584828185214,76.67920978959681,2.6161307293362954,45.64257105337686,30.695914530197758
HR022,"Shastri Nagar, Narnaul - HSPCB",Narnaul,Haryana,Active,28.0438456,76.1062015,15.392890739582716,63.0167432308444,34.309626380627776,35.1507086053809,0.818721655829956,70.47093769073062,29.1794233622575
HR023,"Shyam Nagar, Palwal - HSPCB",Palwal,Haryana,Active,28.0599426,77.3223422,15.124841405207524,28.26258553718307,193.65023049524726,83.88707528464424,1.4932182264009182,59.91686648071709,12.802067459606022
HR024,"Sector-6, Panchkula - HSPCB",Panchkula,Haryana,Active,30.6975401,76.8551066,17.80299827248789,60.42770182303609,172.11662048707498,77.99410645036855,2.493238414448884,65.49208608960873,68.65001428382965
HR025,"Sector-18, Panipat - HSPCB",Panipat,Haryana,Active,29.3912753,76.9771675,16.498124635528477,62.27383186347711,148.31561503592866,49.39789898361246,0.8747935683719344,54.4087525033038,43.1673709351385
HR026,"MD University, Rohtak - HSPCB",Rohtak,Haryana,Active,28.9010899,76.5801935,16.10450761377924,114.84880318394833,99.52200055042589,22.49133514195919,1.0731284880816037,56.920742338838934,87.79224248556733
HR027,"F-Block, Sirsa - HSPCB",Sirsa,Haryana,Active,29.6063041,74.9036568,17.238234144344354,102.88247127617771,59.46003441204378,83.87305151520796,2.3056314209826656,68.68967386739894,52.588891602240146
HR028,"Murthal, Sonipat - HSPCB",Sonipat,Haryana,Active,28.9953758,77.0233627,16.10101400624984,135.33765653492244,56.59429725408462,67.23384709941726,2.300091341365186,23.725100664438944,97.13740851232495
HR029,"Gobind Pura, Yamuna Nagar - HSPCB",Yamuna Nagar,Haryana,Active,8.5502244,76.987407,5.380688739069421,81.38794027105341,72.54129268798121,94.95502309092032,2.1028690822132434,41.70687227323553,26.697296413280903
JH001,"Tata Stadium, Jorapokhar - JSPCB",Jorapokhar,Jharkhand,Active,23.7167069,86.4110166,12.120063744274178,35.54725197197922,123.36853300004049,67.21798512231928,2.23487111116775,21.590708136470166,88.17608511600497
KA001,"Vidayagiri, Bagalkot - KSPCB",Bagalkot,Karnataka,,16.1793224,75.6999315,5.388136390104418,112.72182233898936,151.4813068590106,103.73996503503942,1.8568111083689904,79.07510059974852,79.89371675125676
KA002,"BTM Layout, Bengaluru - CPCB",Bengaluru,Karnataka,Active,12.9767936,77.590082,2.553279552040599,118.90205632019666,142.2335540420143,70.7097522651934,1.1294976472673819,75.804450476496,79.38296601796468
KA003,"BWSSB Kadabesanahalli, Bengaluru - CPCB",Bengaluru,Karnataka,Active,12.9767936,77.590082,2.553279552040599,92.96603568403451,77.58876248081029,71.70317686889248,1.3642399837597985,7.957010852637943,86.03049053051988
KA004,"Bapuji Nagar, Bengaluru - KSPCB",Bengaluru,Karnataka,Active,12.9767936,77.590082,2.553279552040599,120.22573339409293,192.32709771274298,106.43189629241795,0.9539942920035642,57.91813793867664,78.4921591848699
KA005,"City Railway Station, Bengaluru - KSPCB",Bengaluru,Karnataka,Active,12.9767936,77.590082,2.553279552040599,84.1934275273708,155.44247583828064,54.38311528336367,2.771126403334071,74.39362380617494,66.35982894682738
KA006,"Hebbal, Bengaluru - KSPCB",Bengaluru,Karnataka,Active,12.9767936,77.590082,2.553279552040599,87.95526781965923,124.24018892693812,24.74167512957048,1.958479486915301,18.543150884550016,21.81203899141488
KA007,"Hombegowda Nagar, Bengaluru - KSPCB",Bengaluru,Karnataka,Active,12.9767936,77.590082,2.553279552040599,75.58033238661145,133.99252685983987,13.166094394467287,1.5021285419090997,47.59589229144721,12.927356154212672
KA008,"Jayanagar 5th Block, Bengaluru - KSPCB",Bengaluru,Karnataka,Active,12.9767936,77.590082,2.553279552040599,23.304486476732375,101.33201061272429,93.06509812409809,1.6550145091103317,73.66162231910315,92.87630630341182
KA009,"Peenya, Bengaluru - CPCB",Bengaluru,Karnataka,Active,12.9767936,77.590082,2.553279552040599,34.02588550912958,72.11426821519677,78.23405064888111,2.8682083490295383,7.545948393934913,65.49852830686643
KA010,"Sanegurava Halli, Bengaluru - KSPCB",Bengaluru,Karnataka,Active,12.9767936,77.590082,2.553279552040599,24.085794139275453,90.51535537071447,87.44877449091459,0.8833785077902006,57.306520043513,81.68835618785587
KA011,"Silk Board, Bengaluru - KSPCB",Bengaluru,Karnataka,Active,12.9767936,77.590082,2.553279552040599,102.73335346429145,158.83383877894275,33.426057765980175,1.965574580041993,27.301175552941306,53.3370116361295
KA012,"Urban, Chamarajanagar - KSPCB",Chamarajanagar,Karnataka,,11.9544201,77.1069086,3.220735203248492,60.866277539922464,32.4468930670585,25.000862314544676,1.764721697211165,74.32971465323978,20.557737006615504
KA013,"Chikkaballapur Rural, Chikkaballapur - KSPCB",Chikkaballapur,Karnataka,,13.0993764,77.388729,2.751608578613361,86.11418985141135,49.73234888617576,11.599913223467013,2.02863558858662,77.82936838740258,21.26672129822954
KA014,"Kalyana Nagara, Chikkamagaluru - KSPCB",Chikkamagaluru,Karnataka,,13.4058699,75.638758,4.511869900124138,137.9836416103921,37.82044914369797,48.564631468725665,0.5452754595521012,75.81998668350754,71.70087585060742
KA015,"Deshpande Nagar, Hubballi - KSPCB",Hubballi,Karnataka,,15.3518378,75.1379848,5.476653655148339,52.40798978935374,36.923896394224926,74.89094555400963,2.6803097723603786,40.566066249309785,48.72753054095164
KA016,"Lal Bahadur Shastri Nagar, Kalaburagi - KSPCB",Kalaburagi,Karnataka,,17.2408957,76.7697439,5.314996987683535,73.34977999463186,175.42829928187123,53.146844960970554,2.830295706209031,69.65319882419851,28.047225403030303
KA017,"Hebbal 1st Stage, Mysuru - KSPCB",Mysuru,Karnataka,,12.3051828,76.6553609,3.5630381280719026,118.22164801059633,149.62183609460402,58.122241422610195,1.9128329589730224,68.34120489013029,54.24350920672932
KA018,"Vijay Nagar, Ramanagara - KSPCB",Ramanagara,Karnataka,,12.720006,77.3184199,2.843204993478557,49.74376151391092,110.60955094484528,109.45745639431233,2.2416270596922305,28.932535493244174,15.778804336762068
KA019,"Ibrahimpur, Vijayapura - KSPCB",Vijayapura,Karnataka,,16.814415,75.8933856,5.622959065688837,30.00738827774309,46.631807310670254,48.30810137256304,2.8062484529432394,67.16866056130081,62.37742617229589
KA020,"Collector Office, Yadgir - KSPCB",Yadgir,Karnataka,,16.5744123,76.9254434,4.711240451428526,57.667688878789846,113.5746987698615,66.53884380757918,2.2680965857834963,7.775572603661947,34.209406399158794
KL001,"Udyogamandal, Eloor - Kerala PCB",Eloor,Kerala,,10.0669964,76.2989276,4.808568247997404,40.958767343020575,110.49020103269616,96.20183140152574,0.8813476072856534,49.72024088615398,81.78031905734693
KL002,"Kacheripady, Ernakulam - Kerala PCB",Ernakulam,Kerala,,10.0383947,76.5074145,4.65744174308663,140.8606948045345,59.444317884702585,53.61970605533972,1.940720900417033,22.25066279657773,37.932576303121635
KL003,"Thavakkara, Kannur - Kerala PCB",Kannur,Kerala,,11.8763836,75.3737973,4.907349520209124,125.0556493433742,103.75478037045542,78.42953702506608,2.01678761595714,14.04251643329591,50.969813417362104
KL004,"Vyttila, Kochi - Kerala PCB",Kochi,Kerala,,9.9679032,76.2444378,4.910640004399102,102.34248834635505,97.74580484755349,104.86000796214196,1.560326678255965,10.771490122190688,11.045848591729058
KL005,"Polayathode, Kollam - Kerala PCB",Kollam,Kerala,,8.8870533,76.5906696,5.37471697310279,133.2898767244033,134.69451666887682,114.44726860234063,2.341110589061807,57.22165819086048,16.5202199015103
KL006,"Palayam, Kozhikode - Kerala PCB",Kozhikode,Kerala,,11.2450558,75.7754716,4.717547178222166,124.47736999688487,137.96592064749944,26.178082902194173,2.835917536922537,30.49062228260496,45.32442007660163
KL007,"Kariavattom, Thiruvananthapuram - Kerala PCB",Thiruvananthapuram,Kerala,Active,8.4882267,76.947551,5.454200219880639,44.254107655184654,37.70168166124757,111.92463876776438,2.813921282266941,59.35750786465711,53.19449512454111
KL008,"Plammoodu, Thiruvananthapuram - Kerala PCB",Thiruvananthapuram,Kerala,Active,8.4882267,76.947551,5.454200219880639,136.0326698036971,93.68414448650012,64.1327922387492,1.6270984285103303,9.901725559920678,64.00184933073734
MP001,"T T Nagar, Bhopal - MPPCB",Bhopal,Madhya Pradesh,Active,23.2584857,77.401989,10.435542014590888,90.11449144903459,136.3961856714202,38.40688271288542,0.7830951146018881,28.646775337295775,36.24963208383729
MP002,"Shrivastav Colony, Damoh - MPPCB",Damoh,Madhya Pradesh,,23.7981005,79.5419356,10.595449429914243,124.96722017132812,115.5331639586149,60.504933186208746,2.9621029974058364,45.461846928150294,72.54836975138883
MP003,"Bhopal Chauraha, Dewas - MPPCB",Dewas,Madhya Pradesh,,22.8057498,76.2940408,10.373631818255044,136.49186899005412,175.6032730020148,117.80358328140248,2.5972452161148354,64.30423736292227,87.41101574702842
MP004,"City Center, Gwalior - MPPCB",Gwalior,Madhya Pradesh,,26.2037247,78.1573628,13.149300775265704,61.3404517463423,141.97791737522067,64.18799033921566,0.8116567030081672,28.906437719905245,80.18658900040148
MP005,"Phool Bagh, Gwalior - Mondelez Ind. Food",Gwalior,Madhya Pradesh,,26.2037247,78.1573628,13.149300775265704,34.30675018859798,57.69885260384305,46.162677131625905,2.802104706543431,51.941853232775685,13.565694281352144
MP006,"Chhoti Gwaltoli, Indore - MPPCB",Indore,Madhya Pradesh,,22.7203616,75.8681996,10.466817428937896,49.631571130452414,41.99668705807307,79.67409397483983,2.674740905155321,71.44833111771403,53.24562525320461
MP007,"Marhatal, Jabalpur - MPPCB",Jabalpur,Madhya Pradesh,,23.1701522,79.9324505,9.946071579114674,75.52401252141331,139.21127729507367,36.416018065601236,1.7970951428151802,51.18973911367284,19.44371605763574
MP008,"Gole Bazar, Katni - MPPCB",Katni,Madhya Pradesh,,23.7176393,80.2610181,10.48580825343118,126.3419195699241,34.506922792075706,18.344966091953033,1.9781885893623232,22.471960606522533,31.78405142762747
MP009,"Sahilara, Maihar - KJS Cements",Maihar,Madhya Pradesh,,24.2437541,81.0446912,11.034802601553508,131.89497582332464,129.58184881648876,24.176769410171417,1.4975067596753258,6.830058616740351,98.79963339404318
MP010,"Sector-D Industrial Area, Mandideep - MPPCB",Mandideep,Madhya Pradesh,,23.093838,77.5114296,10.247309719417402,20.903776969054793,189.8391410422428,24.085042285354966,0.6369040970550783,70.25741554256975,22.824598861136188
MP011,"Sector-2 Industrial Area, Pithampur - MPPCB",Pithampur,Madhya Pradesh,,22.6105576,75.6790283,10.449106842605346,86.39714933508354,127.83061023889942,26.70929628635238,1.3379931041147524,6.595205813779035,54.899933810622045
MP012,"Shasthri Nagar, Ratlam - IPCA Lab",Ratlam,Madhya Pradesh,,23.5022201,74.9551534,11.57112036442672,74.26343040934127,95.98888745510872,25.270988991435114,2.5071336214950284,70.60262545131495,65.63401608863072
MP013,"Deen Dayal Nagar, Sagar - MPPCB",Sagar,Madhya Pradesh,,23.8083076,78.758254,10.690415140187309,48.874015361194935,139.35899713520004,80.4962219283536,0.5115800575115071,44.670285052040896,73.22184734896936
MP014,"Bandhavgar Colony, Satna - Birla Cement",Satna,Madhya Pradesh,,24.6954445,80.7770348,11.472060138540838,35.58249775337876,107.90299138355783,30.00680928390593,1.3337479292278605,75.43007738846721,60.36838151382227
MP015,"Vindhyachal STPS, Singrauli - MPPCB",Singrauli,Madhya Pradesh,,24.2431343,82.3827672,11.200623395312684,63.88997228247163,122.75485418370894,48.02340116562495,1.4954217339773583,64.90874268302491,10.87937626772653
MP016,"Mahakaleshwar Temple, Ujjain - MPPCB",Ujjain,Madhya Pradesh,,23.1885131,75.7716562,10.93266379602509,142.5782615086275,190.04901749200928,108.6467250896613,1.8434890073448071,79.84505829000031,39.38151774195927
MH001,"More Chowk Waluj, Aurangabad - MPCB",Aurangabad,Maharashtra,,19.877263,75.3390241,8.275784398945921,62.01638116269818,95.63744842613163,62.13578042891596,2.7996390410319014,31.30338615887826,56.59404790462403
MH002,"Chandrapur, Chandrapur - MPCB",Chandrapur,Maharashtra,,20.0967555,79.5045475,6.913661478256337,87.44278082663759,193.4023958500654,83.431351237313,1.3658649859149032,62.539121669834515,17.907984923035002
MH003,"MIDC Khutala, Chandrapur - MPCB",Chandrapur,Maharashtra,,20.0967555,79.5045475,6.913661478256337,111.39246465637312,183.90960913253085,28.955185832179282,1.3673830047405693,35.144818520693164,41.55642380882627
MH004,"Khadakpada, Kalyan - MPCB",Kalyan,Maharashtra,,19.2396742,73.1366482,9.29459318461533,67.27184830930821,63.2844929141804,31.151792068953785,2.343753120274371,40.990671522793164,12.98827979122299
MH005,"Bandra, Mumbai - MPCB",Mumbai,Maharashtra,Active,19.054999,72.8692035,9.3803123780525,146.3316707537249,41.79142114877813,14.495547789312674,1.6305448522245178,52.06290974137776,17.072064743951866
MH006,"Borivali East, Mumbai - MPCB",Mumbai,Maharashtra,Active,19.054999,72.8692035,9.3803123780525,145.11814834247446,47.13226023416253,28.5828569379381,1.061512057349955,70.52578356397541,45.72309485814365
MH007,"Chhatrapati Shivaji Intl. Airport (T2), Mumbai - MPCB",Mumbai,Maharashtra,Active,19.054999,72.8692035,9.3803123780525,52.73169845729734,33.09771036076346,40.64493729351545,1.6310987903317336,78.80626018994714,21.94441786387543
MH008,"Colaba, Mumbai - MPCB",Mumbai,Maharashtra,Active,19.054999,72.8692035,9.3803123780525,84.64230576601011,46.055303328507826,29.47115327044215,0.8521425509494996,62.620506039838865,61.07867634354023
MH009,"Kurla, Mumbai - MPCB",Mumbai,Maharashtra,Active,19.054999,72.8692035,9.3803123780525,59.11418027618006,146.11115148078068,19.757278713276115,0.9409674662655583,36.33250866255003,72.05184722235391
MH010,"Powai, Mumbai - MPCB",Mumbai,Maharashtra,Active,19.054999,72.8692035,9.3803123780525,57.02926426907079,42.10207023823893,23.269945821066088,1.7459194318486992,36.601775170780265,82.05280291981745
MH011,"Sion, Mumbai - MPCB",Mumbai,Maharashtra,Active,19.054999,72.8692035,9.3803123780525,24.79530315608926,84.22585714993943,60.68566448359984,1.5473136237613698,60.31867261916686,28.01352198203291
MH012,"Vasai West, Mumbai - MPCB",Mumbai,Maharashtra,Active,19.054999,72.8692035,9.3803123780525,99.24336341738659,173.62880286480728,32.69670902463717,2.78711475267025,22.908285932622675,25.07343240331628
MH013,"Vile Parle West, Mumbai - MPCB",Mumbai,Maharashtra,Active,19.054999,72.8692035,9.3803123780525,85.348273019752,33.9562290750904,50.069684715288304,1.4059847477915828,13.2855584848546,19.411105630096024
MH014,"Worli, Mumbai - MPCB",Mumbai,Maharashtra,Active,19.054999,72.8692035,9.3803123780525,26.692237662498616,168.4596420401191,65.37589979403425,1.9514708756951087,31.59666182305824,67.2787224589273
MH015,"Opp GPO Civil Lines, Nagpur - MPCB",Nagpur,Maharashtra,,21.1498134,79.0820556,8.013064762345614,56.22404035075949,77.91531171147798,85.94343114923018,2.080660719798826,26.54292437405613,73.5828153838211
MH016,"Gangapur Road, Nashik - MPCB",Nashik,Maharashtra,,20.0112475,73.7902364,9.363056117172428,138.074565175665,50.088020695681564,14.324335382520882,0.532736141470834,27.223109034199258,12.842753034307783
MH017,"Airoli, Navi Mumbai - MPCB",Navi Mumbai,Maharashtra,,19.0308262,73.0198537,9.248500055792023,51.143045786706416,148.4453181119056,97.93514387999468,2.1588434300417765,22.520581328743244,94.25910216193208
MH018,"Mahape, Navi Mumbai - MPCB",Navi Mumbai,Maharashtra,,19.0308262,73.0198537,9.248500055792023,38.836333371859,136.9202839525803,79.06904284399985,0.9450899171743785,8.156989222727141,14.677415528632517
MH019,"Nerul, Navi Mumbai - MPCB",Navi Mumbai,Maharashtra,,19.0308262,73.0198537,9.248500055792023,83.6288588360832,179.170242299599,18.99349351437591,2.902675793673638,6.3405451050060355,58.71667017709634
MH020,"Karve Road, Pune - MPCB",Pune,Maharashtra,,18.5213738,73.8545071,8.281812523356127,148.1345590343781,154.9620774466606,106.0936486517455,0.8716568193827824,79.07917923020237,73.81544675058248
MH021,"Solapur, Solapur - MPCB",Solapur,Maharashtra,,,,,51.46718529649505,166.59175816542427,111.29596405849945,1.5365603093175593,37.082985030189676,88.3872211371477
MH022,"Pimpleshwar Mandir, Thane - MPCB",Thane,Maharashtra,,,,,107.37762116276421,77.94587733712211,16.718575584035012,0.7133741701966096,33.82449853697612,74.2678238919185
ML001,"Lumpyngngad, Shillong - Meghalaya PCB",Shillong,Meghalaya,Active,,,,119.01054999273329,60.16472244255288,40.45654129619241,2.9921856296148683,55.97354620198024,82.15552747628126
MZ001,"Sikulpuikawn, Aizawl - Mizoram PCB",Aizawl,Mizoram,Active,,,,50.892880719011956,157.6045077789459,98.68214077723675,1.7554875258281064,21.369041589879814,40.55051732885255
OD001,"GM Office, Brajrajnagar - OSPCB",Brajrajnagar,Odisha,Active,21.8498594,83.9254698,9.33742801588427,114.66812531954174,167.1619056754349,92.30856594220242,1.9884625433001095,76.2470887962669,83.3342602371861
OD002,"Talcher Coalfields,Talcher - OSPCB",Talcher,Odisha,Active,20.9322302,85.2005822,9.110799998992004,67.81180725350292,198.38587414011445,30.297312129201504,0.6676911934710688,63.975876081166405,17.210336174620764
PB001,"Golden Temple, Amritsar - PPCB",Amritsar,Punjab,Active,31.6356659,74.8787496,19.18402662133406,102.19975797716533,100.1450050749425,33.028425567038134,2.3749011759979446,11.705825173419463,90.53349904544748
PB002,"Hardev Nagar, Bathinda - PPCB",Bathinda,Punjab,,30.1794814,75.0471098,17.74099578391406,102.35886239891632,93.24307458477314,50.75193130705202,1.0247639827389645,36.31855818386963,59.28331385383626
PB003,"Civil Line, Jalandhar - PPCB",Jalandhar,Punjab,,31.2922312,75.5678878,18.66919509124049,89.6507089297186,161.99020332613946,63.29752837101235,2.745135723601784,70.93387306716235,83.55679929662443
PB004,"Kalal Majra, Khanna - PPCB",Khanna,Punjab,,30.700625,76.2220763,17.938323405132916,31.73767010707308,87.93660184301304,78.00802486833256,1.0128491012050178,75.85490167185577,50.70864560664701
PB005,"Punjab Agricultural University, Ludhiana - PPCB",Ludhiana,Punjab,,30.9090157,75.851601,18.227708288487545,128.58932442660094,188.228745352606,50.58050035267497,0.9767193016591664,40.05511334374023,67.92199256768725
PB006,"RIMT University, Mandi Gobindgarh - PPCB",Gobindgarh,Punjab,,30.8613538,75.9461613,18.15870655089688,61.70140844632566,175.930167813312,60.87881877464627,0.5913741696202373,51.00585419080308,57.37623948425019
PB007,"Model Town, Patiala - PPCB",Patiala,Punjab,,30.2092778,76.3397231,17.433101381947523,44.24740635198105,102.92898465375312,92.22180319471322,1.680167362774998,17.52754595690564,75.84305695797987
PB008,"Ratanpura, Rupnagar - Ambuja Cements",Rupnagar,Punjab,,31.0917102,76.5289701,18.25409494194532,25.30076840211931,157.64808152455456,14.03515231796577,1.912102833156541,79.33764696027325,17.34669838275306
RJ001,"Moti Doongri, Alwar - RSPCB",Alwar,Rajasthan,,27.4140049,76.6170387,14.65178989922313,96.81608261447144,158.272288594396,37.76806387784228,0.6642715985708809,22.375377603758256,15.431687559150742
RJ002,"Civil Lines, Ajmer - RSPCB",Ajmer,Rajasthan,,26.4691,74.639,14.392137257156485,108.08336703949671,47.53105770210854,88.46845444730077,2.4388190417375264,75.70488306013442,32.23929106091318
RJ003,"RIICO Ind. Area III, Bhiwadi - RSPCB",Bhiwandi,Rajasthan,,19.3025562,73.0588072,9.394592626168464,22.1564177606213,183.43399413552635,108.47275214559193,1.633222086870069,53.72349867442763,24.359021210186953
RJ004,"Adarsh Nagar, Jaipur - RSPCB",Jaipur,Rajasthan,Active,26.9154576,75.8189817,14.396177750714038,86.57209757890652,115.89290331613572,66.28451863272328,1.8109756733189502,50.580259615914436,88.46052099329815
RJ005,"Police Commissionerate, Jaipur - RSPCB",Jaipur,Rajasthan,Active,26.9154576,75.8189817,14.396177750714038,49.44445077573194,170.49776923831607,68.53248337918473,1.6019068673455703,43.45163832623815,29.72925886222399
RJ006,"Shastri Nagar, Jaipur - RSPCB",Jaipur,Rajasthan,Active,26.9154576,75.8189817,14.396177750714038,103.87246275322848,84.408432175204,21.788921247375367,1.501907652188315,22.300235878831902,97.82787302372182
RJ007,"Collectorate, Jodhpur - RSPCB",Jodhpur,Rajasthan,,26.2967719,73.0351433,14.94141397603163,42.667635770648886,182.23894884435407,59.21536035058001,1.8991008282705448,18.23960240041312,40.320621259399616
RJ008,"Shrinath Puram, Kota - RSPCB",Kota,Rajasthan,,25.1737019,75.8574194,12.737926429450354,109.82190595332057,96.16428538480773,68.58789931005255,0.8881006148267813,21.536465680263152,26.390612411982936
RJ009,"Indira Colony Vistar, Pali - RSPCB",Pali,Rajasthan,,25.4552211,73.419389,14.019245301479971,70.27559501906987,31.84240075165072,36.67175539982026,0.9548203262381778,18.98286966081909,81.07286564282312
RJ010,"Ashok Nagar, Udaipur - RSPCB",Udaipur,Rajasthan,,24.578721,73.6862571,13.125632270180011,141.7748985357755,183.91493599127483,39.616755404431906,2.6544640525337933,63.4688355175065,69.28369979507886
TN001,"Alandur Bus Depot, Chennai - CPCB",Chennai,Tamil Nadu,Active,13.0836939,80.270186,0.0002478001521509,37.877722738979124,45.5187350536427,51.50125794150849,2.8652886553340817,31.259394437504756,54.837614480782506
TN002,"Manali Village, Chennai - TNPCB",Chennai,Tamil Nadu,Active,13.0836939,80.270186,0.0002478001521509,64.3386256365336,84.28331839037052,12.2078317555499,1.4332732906993824,9.338200742254728,59.982719584386814
TN003,"Manali, Chennai - CPCB",Chennai,Tamil Nadu,Active,13.0836939,80.270186,0.0002478001521509,34.75155776127658,191.51053439863685,45.42870821414961,1.1768616828588845,77.68269726056084,74.72816004450374
TN004,"Velachery Res. Area, Chennai - CPCB",Chennai,Tamil Nadu,Active,13.0836939,80.270186,0.0002478001521509,140.21017037621317,191.60321497938455,33.259280769619906,2.1099988580975393,71.28394137225693,30.560926719816884
TN005,"SIDCO Kurichi, Coimbatore - TNPCB",Coimbatore,Tamil Nadu,Active,11.0018115,76.9628425,3.744604630700736,134.05411593952755,127.48444098095864,46.02470873957061,1.521835427745241,74.58142123964097,99.67005244510678
TG001,"Bollaram Industrial Area, Hyderabad - TSPCB",Hyderabad,Telangana,Active,17.360589,78.4740613,4.509412216399011,53.53241160297023,137.41232606886587,23.173834500117636,0.5634658891508622,79.61808669848264,97.73138459321048
TG002,"Central University, Hyderabad - TSPCB",Hyderabad,Telangana,Active,17.360589,78.4740613,4.509412216399011,105.79792598444328,106.23573873631436,107.95800088138844,0.8903814934154759,18.042143691461547,68.52931177122431
TG003,"ICRISAT Patancheru, Hyderabad - TSPCB",Hyderabad,Telangana,Active,17.360589,78.4740613,4.509412216399011,126.23888602615806,79.84583118867097,75.29516989094535,2.289930572118494,34.7181514176994,27.958820583623062
TG004,"IDA Pashamylaram, Hyderabad - TSPCB",Hyderabad,Telangana,Active,17.360589,78.4740613,4.509412216399011,92.1761055079301,85.87297271288571,84.70125510589385,2.1473098547753784,61.867885677806846,71.22054181881622
TG005,"Sanathnagar, Hyderabad - TSPCB",Hyderabad,Telangana,Active,17.360589,78.4740613,4.509412216399011,88.85457518628084,144.32813753309654,96.80883624680722,0.5677399812587087,57.20154635403442,16.497856808125825
TG006,"Zoo Park, Hyderabad - TSPCB",Hyderabad,Telangana,Active,17.360589,78.4740613,4.509412216399011,51.44079781705872,157.9036700044056,64.82864188219631,1.0549304048323735,16.54219297548913,12.758725198522546
UP001,"Sanjay Palace, Agra - UPPCB",Agra,Uttar Pradesh,,27.1752554,78.0098161,14.131916950862296,32.1033598147669,164.56843743339425,19.561231689616605,1.0776869914701785,66.18748437429633,33.19145996600923
UP002,"New Collectorate, Baghpat - UPPCB",Baghpat,Uttar Pradesh,,29.0374779,77.3062737,16.087672376591517,136.63804853393248,164.23508427507417,69.08171960004026,2.179731858996821,21.83304288774955,51.636066106538465
UP003,"Yamunapuram, Bulandshahr - UPPCB",Bulandshahr,Uttar Pradesh,,28.3874073,77.9743805,15.334917021750798,137.05434743123294,45.50503751827736,74.55252298229671,0.5492763443859103,21.78632111169673,88.14452548675425
UP004,"Indirapuram, Ghaziabad - UPPCB",Ghaziabad,Uttar Pradesh,,28.7749966,77.4586967,15.80190517507528,102.30318944552484,114.05145179943885,91.9983421602763,0.7602714549614347,45.273081717006015,75.44521627896772
UP005,"Loni, Ghaziabad - UPPCB",Ghaziabad,Uttar Pradesh,,28.7749966,77.4586967,15.80190517507528,64.07387283633109,39.78498920282953,57.482550085264734,2.4997902134329735,49.47049511312774,76.84358690799829
UP006,"Sanjay Nagar, Ghaziabad - UPPCB",Ghaziabad,Uttar Pradesh,,28.7749966,77.4586967,15.80190517507528,65.39724469964591,123.41990999503504,24.033833307512012,0.946361655135834,48.50646558783584,48.29440010032678
UP007,"Vasundhara, Ghaziabad - UPPCB",Ghaziabad,Uttar Pradesh,,28.7749966,77.4586967,15.80190517507528,114.37423825313113,105.06018523347409,41.21534963785969,2.131865269629687,11.861512804831616,41.13414932922666
UP008,"Knowledge Park - III, Greater Noida - UPPCB",Greater Noida,Uttar Pradesh,,28.4670734,77.5137649,15.489097327760668,136.62433379383504,180.90971106891095,49.93905260384986,1.0954569526168163,70.80956469727853,43.393488668614246
UP009,"Knowledge Park - V, Greater Noida - UPPCB",Greater Noida,Uttar Pradesh,,28.4670734,77.5137649,15.489097327760668,135.32123515446526,89.65555213385338,81.05089654647614,0.7486034818983629,24.920003194152955,98.88846073624521
UP010,"Anand Vihar, Hapur - UPPCB",Hapur,Uttar Pradesh,,28.7166767,77.890433,15.67308726411822,121.3838209614911,49.901392792692995,72.7856135135803,1.1079304774986352,14.713619096210312,13.609827227123423
UP011,"Nehru Nagar, Kanpur - UPPCB",Kanpur,Uttar Pradesh,,26.4609135,80.3217588,13.2288529365086,103.4641140000574,54.3085859489821,49.17063984876309,2.3056673296391477,71.65610599017329,88.03283465102037
UP012,"Central School, Lucknow - CPCB",Lucknow,Uttar Pradesh,Active,26.8381,80.9346001,13.619424208185256,30.93819544935635,159.45680739197027,118.51667736722777,2.6392411702657146,76.67386236723151,62.080786771515406
UP013,"Gomti Nagar, Lucknow - UPPCB",Lucknow,Uttar Pradesh,Active,26.8381,80.9346001,13.619424208185256,41.011732832299785,135.09707076376438,76.6352301292576,2.575549661417479,69.6595712949088,49.47538772706314
UP014,"Lalbagh, Lucknow - CPCB",Lucknow,Uttar Pradesh,Active,26.8381,80.9346001,13.619424208185256,136.8120445085203,47.190854940874345,36.094947090959394,1.4929588240461371,65.71370560436586,75.27318943736229
UP015,"Nishant Ganj, Lucknow - UPPCB",Lucknow,Uttar Pradesh,Inactive,26.8381,80.9346001,13.619424208185256,98.83577775574669,44.298157039549565,21.196071988244412,2.1702128414266153,54.14314854792663,53.80020472822326
UP016,"Talkatora District Industries Center, Lucknow - CPCB",Lucknow,Uttar Pradesh,Active,26.8381,80.9346001,13.619424208185256,21.195616710161854,149.1647523480504,26.814505310276523,1.0124607385395525,46.31430279568545,88.60809142734945
UP017,"Ganga Nagar, Meerut - UPPCB",Meerut,Uttar Pradesh,,29.0018557,77.7679671,15.973761183564877,33.191300572584176,42.3697110819129,37.05535012229589,1.2328693256525332,11.52400699335576,91.06316776101326
UP018,"Jai Bhim Nagar, Meerut - UPPCB",Meerut,Uttar Pradesh,,29.0018557,77.7679671,15.973761183564877,106.25522998404726,169.71621007936056,27.674951058551123,2.7408395463027992,35.6339909803024,47.95488341861099
UP019,"Pallavpuram Phase 2, Meerut - UPPCB",Meerut,Uttar Pradesh,,29.0018557,77.7679671,15.973761183564877,20.65800590000843,150.06117861660437,30.522372645643635,0.53250480877684,32.95163877592355,34.914501751154646
UP020,"Lajpat Nagar, Moradabad - UPPCB",Moradabad,Uttar Pradesh,,28.8796553,78.8095335,15.72137343740516,40.90504668427482,43.82929270912296,41.360468556323184,0.7137713271361702,24.481533782024467,63.3115295734026
UP021,"New Mandi, Muzaffarnagar - UPPCB",Muzzaffarnagar,Uttar Pradesh,,,,,91.3353926176562,44.42241139448262,29.07109548242303,1.0197156378650682,59.25650852664387,92.11270110550218
UP022,"Sector - 125, Noida - UPPCB",Noida,Uttar Pradesh,,28.5706333,77.3272147,15.62511307955858,109.94637570005013,197.72872834519984,108.64419670890676,0.5663305096845492,42.19068013090781,28.95959701050999
UP023,"Sector - 62, Noida - IMD",Noida,Uttar Pradesh,,28.5706333,77.3272147,15.62511307955858,104.75496373533807,93.62603527854046,18.825712022780642,0.9535885877244933,11.078466193073595,66.06699252071346
UP024,"Sector-1, Noida - UPPCB",Noida,Uttar Pradesh,,28.5706333,77.3272147,15.62511307955858,49.15501022987277,93.00916500137146,67.69625285272801,1.9576039024242304,21.51374014623585,66.84041980832686
UP025,"Sector-116, Noida - UPPCB",Noida,Uttar Pradesh,,28.5706333,77.3272147,15.62511307955858,112.58329877517966,168.17592643377543,55.143650968862765,1.5535613764812448,56.244407274469694,75.98017201737528
UP026,"Ardhali Bazar, Varanasi - UPPCB",Varanasi,Uttar Pradesh,,25.3356491,83.0076292,12.396040816144074,50.84238137458401,191.032258155256,118.0616478599467,2.7316792776924372,10.709814461772513,21.841091661453383
WB001,"Asansol Court Area, Asansol - WBPCB",Asansol,West Bengal,,23.6871297,86.9746587,12.38742727989675,62.3019607607048,197.62018084988804,22.324279238485758,2.5436089043461023,68.84051855365766,74.42424682138797
WB002,"Sidhu Kanhu Indoor Stadium, Durgapur - WBPCB",Durgapur,West Bengal,,23.5350475,87.3380425,12.46001460877046,117.04388266534313,158.0742914940201,53.76411589503158,1.35454337924469,42.13598952604807,91.81292685990769
WB003,"Haldia, Haldia - WBPCB",Haldia,West Bengal,,22.028124,88.0632655,11.711560174175109,104.4522768761379,93.96412954025567,116.64174766029058,1.1485585835782313,41.0439932994986,26.171479798321776
WB004,"Belur Math, Howrah - WBPCB",Howrah,West Bengal,,22.5736296,88.3251045,12.29522933037794,130.39904336424314,44.19512183877369,105.20578384833783,1.4492310204181673,49.43058384946382,31.378899243148986
WB005,"Ghusuri, Howrah - WBPCB",Howrah,West Bengal,,22.5736296,88.3251045,12.29522933037794,105.48967599904464,162.11497570766426,99.87792780442079,1.9757373562870193,66.85107244438619,97.42555846374756
WB006,"Padmapukur, Howrah - WBPCB",Howrah,West Bengal,,22.5736296,88.3251045,12.29522933037794,93.88011843361132,124.92872245508686,38.36931097494338,1.1701591020571906,31.085690592664477,26.28792574385408
WB007,"Ballygunge, Kolkata - WBPCB",Kolkata,West Bengal,Active,22.5726459,88.3638953,12.31974013569606,32.17771981765202,102.11774157198597,28.797634612907242,2.0603722696228353,55.85121144192976,86.89465840326213
WB008,"Bidhannagar, Kolkata - WBPCB",Kolkata,West Bengal,Active,22.5726459,88.3638953,12.31974013569606,67.80305439772636,184.0802454661051,83.5507541916874,1.5235291304781011,47.42989729968433,54.30500708032313
WB009,"Fort William, Kolkata - WBPCB",Kolkata,West Bengal,Active,22.5726459,88.3638953,12.31974013569606,54.476307798624305,48.90357199204573,112.23135880403444,1.8801179521299507,25.0271202627066,32.25079669628593
WB010,"Jadavpur, Kolkata - WBPCB",Kolkata,West Bengal,Active,22.5726459,88.3638953,12.31974013569606,51.718653639280866,113.74626772944606,71.24391823153228,1.5903163228382917,70.89724897663685,88.36749111452603
WB011,"Rabindra Bharati University, Kolkata - WBPCB",Kolkata,West Bengal,Active,22.5726459,88.3638953,12.31974013569606,146.49137211781795,31.93011961046124,72.87739584168898,1.2361643988547941,64.80695162051961,50.077472950239894
WB012,"Rabindra Sarobar, Kolkata - WBPCB",Kolkata,West Bengal,Active,22.5726459,88.3638953,12.31974013569606,71.10270420667885,109.67230913900147,40.797700302631256,2.8711332674053915,54.383887599381914,56.333561853672116
WB013,"Victoria, Kolkata - WBPCB",Kolkata,West Bengal,Active,22.5726459,88.3638953,12.31974013569606,135.9660521730247,39.57155686591235,94.64422265111305,2.409014485399402,68.79362968206814,42.33100324597891
WB014,"Ward-32 Bapupara, Siliguri - WBPCB",Siliguri,West Bengal,,26.7164127,88.4309916,15.73021499563751,102.04802137964418,50.19904576557222,30.574812341327572,0.8502829394161313,70.04706507198517,63.36557662914347
