From Date,To Date,PM10,NO2,SO2,Ozone,CO
01-01-2025 00:00,02-01-2025 00:00,90.16,20.65,11.77,None,1.04
02-01-2025 00:00,03-01-2025 00:00,90.33,19.57,10.99,None,1.05
03-01-2025 00:00,04-01-2025 00:00,90.36,20.83,12.19,None,1.17
04-01-2025 00:00,05-01-2025 00:00,89.86,21.9,13.24,None,1.15
05-01-2025 00:00,06-01-2025 00:00,89.7,21.66,13.29,None,0.92
06-01-2025 00:00,07-01-2025 00:00,90.2,20.65,13.24,None,1.04
07-01-2025 00:00,08-01-2025 00:00,83.94,20.69,11.82,None,0.7
08-01-2025 00:00,09-01-2025 00:00,78.1,21.8,10.91,None,0.9
09-01-2025 00:00,10-01-2025 00:00,79.18,23.07,10.3,None,0.99
10-01-2025 00:00,11-01-2025 00:00,81.78,22.17,11.34,None,0.89
11-01-2025 00:00,12-01-2025 00:00,None,None,None,None,None
12-01-2025 00:00,13-01-2025 00:00,None,None,None,None,None
13-01-2025 00:00,14-01-2025 00:00,None,None,None,None,None
14-01-2025 00:00,15-01-2025 00:00,None,None,None,None,None
15-01-2025 00:00,16-01-2025 00:00,86.9,28.21,10.92,None,0.62
16-01-2025 00:00,17-01-2025 00:00,92.88,27.95,11.34,None,0.66
17-01-2025 00:00,18-01-2025 00:00,103.95,24.9,10.69,None,0.58
18-01-2025 00:00,19-01-2025 00:00,101.42,21,11.97,None,0.51
19-01-2025 00:00,20-01-2025 00:00,96.31,19.85,13.31,None,0.58
20-01-2025 00:00,21-01-2025 00:00,99.98,17.96,12.12,None,0.94
21-01-2025 00:00,22-01-2025 00:00,101.35,16.4,11.67,None,1.31
22-01-2025 00:00,23-01-2025 00:00,98.49,17.97,10.76,None,0.82
23-01-2025 00:00,24-01-2025 00:00,83.94,18.66,6.94,None,0.69
24-01-2025 00:00,25-01-2025 00:00,127.97,18.39,5.35,None,0.34
25-01-2025 00:00,26-01-2025 00:00,122.83,18.46,5.38,None,0.32
26-01-2025 00:00,27-01-2025 00:00,140.61,18.96,4.97,None,0.22
27-01-2025 00:00,28-01-2025 00:00,115.96,19.66,4.71,None,0.4
28-01-2025 00:00,29-01-2025 00:00,76.82,19.29,6.97,None,0.86
29-01-2025 00:00,30-01-2025 00:00,54.46,21.92,8.96,None,1.47
30-01-2025 00:00,31-01-2025 00:00,164.33,25.09,9.99,None,1.54
31-01-2025 00:00,01-02-2025 00:00,94.88,24.61,8.8,None,1.6
01-02-2025 00:00,02-02-2025 00:00,95.36,25.71,8.82,None,1.67
02-02-2025 00:00,03-02-2025 00:00,93.26,25.47,9.27,None,1.66
03-02-2025 00:00,04-02-2025 00:00,97,24.84,9.74,None,1.28
04-02-2025 00:00,05-02-2025 00:00,96.75,25,9.79,None,1.26
05-02-2025 00:00,06-02-2025 00:00,100.66,25.13,9.19,None,1.33
06-02-2025 00:00,07-02-2025 00:00,96.74,24.96,9.64,None,1.24
07-02-2025 00:00,08-02-2025 00:00,96.95,25.77,9.95,None,1.29
08-02-2025 00:00,09-02-2025 00:00,100.33,25.46,9.49,None,1.33
09-02-2025 00:00,10-02-2025 00:00,101.8,27.85,8.92,None,1.44
10-02-2025 00:00,11-02-2025 00:00,101.53,30.83,9.06,None,1.4
11-02-2025 00:00,12-02-2025 00:00,97.42,32.95,8.23,None,1.15
12-02-2025 00:00,13-02-2025 00:00,98.03,33.75,8.43,None,1.24
13-02-2025 00:00,14-02-2025 00:00,98.98,34.35,8.73,None,1.25
14-02-2025 00:00,15-02-2025 00:00,100.68,34.61,9.54,None,1.42
15-02-2025 00:00,16-02-2025 00:00,101.48,36.65,8.13,None,1.3
16-02-2025 00:00,17-02-2025 00:00,100.14,33.86,8.78,None,1.26
17-02-2025 00:00,18-02-2025 00:00,96.91,26.47,9.23,None,1.35
18-02-2025 00:00,19-02-2025 00:00,118.49,26.35,9.66,None,1.35
19-02-2025 00:00,20-02-2025 00:00,98.31,30.97,9.05,None,1.6
20-02-2025 00:00,21-02-2025 00:00,103.72,36.29,8.15,None,1.39
21-02-2025 00:00,22-02-2025 00:00,99,36.95,8.57,None,1.46
22-02-2025 00:00,23-02-2025 00:00,96.37,37.97,5.92,None,1.06
23-02-2025 00:00,24-02-2025 00:00,None,None,None,None,None
24-02-2025 00:00,25-02-2025 00:00,None,None,None,None,None
25-02-2025 00:00,26-02-2025 00:00,None,None,None,None,None
26-02-2025 00:00,27-02-2025 00:00,96.88,39.53,6.55,None,0.99
27-02-2025 00:00,28-02-2025 00:00,95.69,38.06,7.64,None,1.25
28-02-2025 00:00,01-03-2025 00:00,92.7,37.88,6.94,None,1.27
01-03-2025 00:00,02-03-2025 00:00,92.9,39.74,7.93,None,1.27
02-03-2025 00:00,03-03-2025 00:00,96.65,41.7,7.48,None,1.18
03-03-2025 00:00,04-03-2025 00:00,95.13,41.61,7.25,None,1.08
04-03-2025 00:00,05-03-2025 00:00,99.53,37.33,7.99,None,1.14
05-03-2025 00:00,06-03-2025 00:00,100.49,27.21,9.33,None,1.29
06-03-2025 00:00,07-03-2025 00:00,99.57,26.84,9.44,None,1.35
07-03-2025 00:00,08-03-2025 00:00,102.3,27.3,10.16,None,1.33
08-03-2025 00:00,09-03-2025 00:00,101.1,27.4,10.25,None,1.49
09-03-2025 00:00,10-03-2025 00:00,99.92,27.64,9.37,None,1.34
10-03-2025 00:00,11-03-2025 00:00,92.52,26.88,9.8,None,1.37
11-03-2025 00:00,12-03-2025 00:00,90.8,27,9.44,None,1.5
12-03-2025 00:00,13-03-2025 00:00,88.46,27.56,9.04,None,1.45
13-03-2025 00:00,14-03-2025 00:00,91.09,27.78,9.56,None,1.29
14-03-2025 00:00,15-03-2025 00:00,93.95,28.09,9.34,None,1.35
15-03-2025 00:00,16-03-2025 00:00,95.66,27.71,10.16,None,1.18
16-03-2025 00:00,17-03-2025 00:00,93.43,27.41,9.96,None,1.41
17-03-2025 00:00,18-03-2025 00:00,94.77,27.32,9.21,None,1.38
18-03-2025 00:00,19-03-2025 00:00,93.95,28.69,9.11,None,1.39
19-03-2025 00:00,20-03-2025 00:00,95.18,27.62,9.29,None,1.41
20-03-2025 00:00,21-03-2025 00:00,94.56,26.72,9.75,None,1.66
21-03-2025 00:00,22-03-2025 00:00,95.63,27.2,9.65,None,1.42
22-03-2025 00:00,23-03-2025 00:00,93.51,26.53,9.15,None,1.43
23-03-2025 00:00,24-03-2025 00:00,94.22,25.29,9.45,None,1.68
24-03-2025 00:00,25-03-2025 00:00,93.75,26.24,9.47,None,1.36
25-03-2025 00:00,26-03-2025 00:00,94.94,26.38,9.46,None,1.42
26-03-2025 00:00,27-03-2025 00:00,97.91,26.55,9.65,None,1.36
27-03-2025 00:00,28-03-2025 00:00,97.32,26.07,7.66,None,1.31
28-03-2025 00:00,29-03-2025 00:00,100.56,28.16,9.97,None,1.14
29-03-2025 00:00,30-03-2025 00:00,100.77,27.74,9.04,None,1.15
30-03-2025 00:00,31-03-2025 00:00,99.08,27.78,8.61,None,1.15
31-03-2025 00:00,01-04-2025 00:00,98.41,27.8,8.62,None,1.24
01-04-2025 00:00,02-04-2025 00:00,100.79,27.11,10.04,None,1.22
02-04-2025 00:00,03-04-2025 00:00,100.13,26.71,10.15,None,1.21
03-04-2025 00:00,04-04-2025 00:00,95.07,25.86,10.27,None,1.34
04-04-2025 00:00,05-04-2025 00:00,89.61,25.69,9.36,None,1.19
05-04-2025 00:00,06-04-2025 00:00,90.24,26.03,9.32,None,1.16
06-04-2025 00:00,07-04-2025 00:00,92.48,26.43,9.9,None,1.17
07-04-2025 00:00,08-04-2025 00:00,94.93,26.97,8.68,None,1.25
08-04-2025 00:00,09-04-2025 00:00,97.3,31,8.88,None,1.39
09-04-2025 00:00,10-04-2025 00:00,95.92,34.95,7.9,None,1.45
10-04-2025 00:00,11-04-2025 00:00,97.87,37.41,6.61,None,1.22
11-04-2025 00:00,12-04-2025 00:00,95.65,35.15,7.8,None,1.35
12-04-2025 00:00,13-04-2025 00:00,92.84,26.66,9.58,None,1.42
13-04-2025 00:00,14-04-2025 00:00,92.19,26.52,9.62,None,1.29
14-04-2025 00:00,15-04-2025 00:00,97.31,26.5,10.15,None,1.31
15-04-2025 00:00,16-04-2025 00:00,94.35,26.05,9.81,None,1.37
16-04-2025 00:00,17-04-2025 00:00,93.61,26.62,10.63,None,1.25
17-04-2025 00:00,18-04-2025 00:00,90.02,25.16,8.93,None,1.61
18-04-2025 00:00,19-04-2025 00:00,96.65,26.77,9.98,None,1.29
19-04-2025 00:00,20-04-2025 00:00,94.88,26.26,10.11,None,1.46
20-04-2025 00:00,21-04-2025 00:00,96.06,26.43,10.11,None,1.24
21-04-2025 00:00,22-04-2025 00:00,96.85,26.34,9.48,None,1.43
22-04-2025 00:00,23-04-2025 00:00,101.25,27.36,9.67,None,1.17
23-04-2025 00:00,24-04-2025 00:00,99.86,28.67,8.89,None,1.12
24-04-2025 00:00,25-04-2025 00:00,97.25,28.58,8.52,None,1.14
25-04-2025 00:00,26-04-2025 00:00,97.83,30.18,9.32,None,1.31
26-04-2025 00:00,27-04-2025 00:00,98.23,37.01,7.76,None,1.01
27-04-2025 00:00,28-04-2025 00:00,97.27,39.13,7.44,None,1.03
28-04-2025 00:00,29-04-2025 00:00,97.3,35.63,7.17,None,1.31
29-04-2025 00:00,30-04-2025 00:00,96.92,32.8,8.23,None,1.36
30-04-2025 00:00,01-05-2025 00:00,96.99,38.84,7.32,None,1.1
01-05-2025 00:00,02-05-2025 00:00,93.65,37.59,7.77,None,1.09
02-05-2025 00:00,03-05-2025 00:00,93.86,33.55,7.3,None,1.18
03-05-2025 00:00,04-05-2025 00:00,93.19,33.04,8.02,None,1
04-05-2025 00:00,05-05-2025 00:00,95.91,35.36,7.11,None,1.18
05-05-2025 00:00,06-05-2025 00:00,98.15,36.14,7.59,None,1.12
06-05-2025 00:00,07-05-2025 00:00,95.88,36.54,7.8,None,1.19
07-05-2025 00:00,08-05-2025 00:00,96.08,38.12,7.48,None,1.24
08-05-2025 00:00,09-05-2025 00:00,93.94,37.68,6.41,None,1.23
09-05-2025 00:00,10-05-2025 00:00,98.97,39.31,8,None,1.24
10-05-2025 00:00,11-05-2025 00:00,96.99,39.85,6.89,None,1.2
11-05-2025 00:00,12-05-2025 00:00,94.22,41.32,7.11,None,1.15
12-05-2025 00:00,13-05-2025 00:00,92.83,41.08,6.77,None,1.21
13-05-2025 00:00,14-05-2025 00:00,91.42,36.33,7.13,None,1.12
14-05-2025 00:00,15-05-2025 00:00,90.1,34.72,6.99,None,1.13
15-05-2025 00:00,16-05-2025 00:00,89,35.6,6.85,None,1.16
16-05-2025 00:00,17-05-2025 00:00,91.72,32.68,7.9,None,1.09
17-05-2025 00:00,18-05-2025 00:00,88.77,33.58,6.82,None,1.01
18-05-2025 00:00,19-05-2025 00:00,86.21,32.85,7.84,None,1.01
19-05-2025 00:00,20-05-2025 00:00,85.51,31.41,7.83,None,1
20-05-2025 00:00,21-05-2025 00:00,86.66,30.76,8.29,None,1.03
21-05-2025 00:00,22-05-2025 00:00,89.94,31.58,6.7,None,0.97
22-05-2025 00:00,23-05-2025 00:00,99.22,31.55,7.5,None,0.97
23-05-2025 00:00,24-05-2025 00:00,92.46,31.8,7.95,None,1.06
24-05-2025 00:00,25-05-2025 00:00,90.51,32.2,7.57,None,1.04
25-05-2025 00:00,26-05-2025 00:00,87.19,32.18,7.25,None,1.07
26-05-2025 00:00,27-05-2025 00:00,88.44,30.86,7.48,None,1.09
27-05-2025 00:00,28-05-2025 00:00,89.93,30.94,7.82,None,1.12
28-05-2025 00:00,29-05-2025 00:00,88.52,32.13,7.05,None,1.05
29-05-2025 00:00,30-05-2025 00:00,92.46,31.81,7.53,None,1.11
30-05-2025 00:00,31-05-2025 00:00,93.48,31.9,8.04,None,1.09
31-05-2025 00:00,01-06-2025 00:00,94.32,32.25,7.79,None,1.1
01-06-2025 00:00,02-06-2025 00:00,95.06,33.6,8.51,None,1.19
02-06-2025 00:00,03-06-2025 00:00,93.03,33.77,7.41,None,1.23
03-06-2025 00:00,04-06-2025 00:00,92.86,33.77,7.7,None,1.22
04-06-2025 00:00,05-06-2025 00:00,94.28,34.04,7.26,None,1.18
05-06-2025 00:00,06-06-2025 00:00,100.95,33.51,7.74,None,1.25
06-06-2025 00:00,07-06-2025 00:00,101.72,35.22,7.54,None,1.22
07-06-2025 00:00,08-06-2025 00:00,97.4,36.44,7.08,None,1.23
08-06-2025 00:00,09-06-2025 00:00,92.79,36.12,7.37,None,1.21
09-06-2025 00:00,10-06-2025 00:00,91.09,35.53,5.79,None,1.23
10-06-2025 00:00,11-06-2025 00:00,92.75,33.3,7.88,None,1.24
11-06-2025 00:00,12-06-2025 00:00,90.62,30.41,7.86,None,1.17
12-06-2025 00:00,13-06-2025 00:00,90.46,30.44,7.64,None,1.1
13-06-2025 00:00,14-06-2025 00:00,89.87,33.36,7.95,None,1.24
14-06-2025 00:00,15-06-2025 00:00,90.59,32.2,7,None,1.19
15-06-2025 00:00,16-06-2025 00:00,88.97,32.16,7.23,None,1.12
16-06-2025 00:00,17-06-2025 00:00,89.26,32.04,7.62,None,1.1
17-06-2025 00:00,18-06-2025 00:00,88.72,32.6,7.31,None,1.19
18-06-2025 00:00,19-06-2025 00:00,92.48,33,8.13,None,1.21
19-06-2025 00:00,20-06-2025 00:00,94.62,32.55,7.89,None,1.27
20-06-2025 00:00,21-06-2025 00:00,93.26,33.28,7.83,None,1.22
21-06-2025 00:00,22-06-2025 00:00,91.4,34.12,7.12,None,1.17
22-06-2025 00:00,23-06-2025 00:00,91.33,35.23,6.3,None,1.32
23-06-2025 00:00,24-06-2025 00:00,93.27,34.58,7.57,None,1.25
24-06-2025 00:00,25-06-2025 00:00,91.63,36.88,7.45,None,1.1
25-06-2025 00:00,26-06-2025 00:00,91.76,38.72,7.49,None,1.54
26-06-2025 00:00,27-06-2025 00:00,92.07,39.58,7.99,None,1.54
27-06-2025 00:00,28-06-2025 00:00,92.56,38.96,7.87,None,1.54
28-06-2025 00:00,29-06-2025 00:00,93.28,41.18,7.91,None,1.54
29-06-2025 00:00,30-06-2025 00:00,90.94,41.07,6.31,None,1.54
30-06-2025 00:00,01-07-2025 00:00,92.45,42.09,7.68,None,1.54
01-07-2025 00:00,02-07-2025 00:00,93.01,39.89,7.63,None,1.54
02-07-2025 00:00,03-07-2025 00:00,91.75,37.76,8.18,None,1.3
03-07-2025 00:00,04-07-2025 00:00,91.46,36.73,7.79,None,1.31
04-07-2025 00:00,05-07-2025 00:00,93.2,38.42,7.9,None,1.26
05-07-2025 00:00,06-07-2025 00:00,89.38,40.97,6.96,None,1.21
06-07-2025 00:00,07-07-2025 00:00,90.62,41.43,6.89,None,1.21
07-07-2025 00:00,08-07-2025 00:00,93.6,42.77,7.52,None,1.21
08-07-2025 00:00,09-07-2025 00:00,95.54,40.03,7.38,None,1.21
09-07-2025 00:00,10-07-2025 00:00,93.36,42.1,7.27,None,1.2
10-07-2025 00:00,11-07-2025 00:00,92.58,40.92,7.89,None,1.21
11-07-2025 00:00,12-07-2025 00:00,89.87,41.99,7.98,None,1.21
12-07-2025 00:00,13-07-2025 00:00,89.65,41.01,7.17,None,1.21
13-07-2025 00:00,14-07-2025 00:00,89.4,42.16,7.09,None,1.21
14-07-2025 00:00,15-07-2025 00:00,89.82,38.46,7.11,None,1.21
15-07-2025 00:00,16-07-2025 00:00,89.62,39.14,7.58,None,1.21
16-07-2025 00:00,17-07-2025 00:00,89.33,41.74,6.88,None,1.21
17-07-2025 00:00,18-07-2025 00:00,87.74,40.54,7.69,None,1.21
18-07-2025 00:00,19-07-2025 00:00,89.34,40.64,7.14,None,1.21
19-07-2025 00:00,20-07-2025 00:00,87.07,39.84,6.84,None,1.21
20-07-2025 00:00,21-07-2025 00:00,85.98,39.33,8.44,None,1.2
21-07-2025 00:00,22-07-2025 00:00,86.55,38.21,6.99,None,1.2
22-07-2025 00:00,23-07-2025 00:00,None,None,None,None,None
23-07-2025 00:00,24-07-2025 00:00,92.29,35.41,7.44,None,1.21
24-07-2025 00:00,25-07-2025 00:00,86.79,37.85,7.76,None,1.21
25-07-2025 00:00,26-07-2025 00:00,88.89,35.54,7.86,None,1.21
26-07-2025 00:00,27-07-2025 00:00,89.14,36.89,7.96,None,1.21
27-07-2025 00:00,28-07-2025 00:00,85.27,37.72,6.18,None,1.21
28-07-2025 00:00,29-07-2025 00:00,87,38.91,8.01,None,1.21
29-07-2025 00:00,30-07-2025 00:00,None,None,None,None,None
30-07-2025 00:00,31-07-2025 00:00,None,None,None,None,None
31-07-2025 00:00,01-08-2025 00:00,94.61,35.64,8.63,None,1.21
01-08-2025 00:00,02-08-2025 00:00,92.13,37.9,7.77,None,1.2
02-08-2025 00:00,03-08-2025 00:00,93.72,40.58,7.56,None,1.21
03-08-2025 00:00,04-08-2025 00:00,88.95,40.02,7.57,None,1.21
04-08-2025 00:00,05-08-2025 00:00,86.48,36.14,7.33,None,1.21
05-08-2025 00:00,06-08-2025 00:00,86.92,34.37,7.53,None,1.21
06-08-2025 00:00,07-08-2025 00:00,87.12,34.93,7.41,None,1.21
07-08-2025 00:00,08-08-2025 00:00,None,None,None,None,None
08-08-2025 00:00,09-08-2025 00:00,None,None,None,None,None
09-08-2025 00:00,10-08-2025 00:00,None,None,None,None,None
10-08-2025 00:00,11-08-2025 00:00,None,None,None,None,None
11-08-2025 00:00,12-08-2025 00:00,None,None,None,None,None
12-08-2025 00:00,13-08-2025 00:00,None,None,None,None,None
13-08-2025 00:00,14-08-2025 00:00,None,None,None,None,None
14-08-2025 00:00,15-08-2025 00:00,90.75,35.73,8.07,None,1.2
15-08-2025 00:00,16-08-2025 00:00,88.5,37.52,7.38,None,1.21
16-08-2025 00:00,17-08-2025 00:00,86.16,38.24,7.65,None,1.21
17-08-2025 00:00,18-08-2025 00:00,None,None,None,None,None
18-08-2025 00:00,19-08-2025 00:00,None,None,None,None,None
19-08-2025 00:00,20-08-2025 00:00,None,None,None,None,None
20-08-2025 00:00,21-08-2025 00:00,92.21,37.65,7.39,None,1.2
21-08-2025 00:00,22-08-2025 00:00,92.12,36.82,8.23,None,1.21
22-08-2025 00:00,23-08-2025 00:00,90.02,39.21,7.74,None,1.2
23-08-2025 00:00,24-08-2025 00:00,90.73,41.11,7.46,None,1.2
24-08-2025 00:00,25-08-2025 00:00,88.9,39.86,6.96,None,1.2
25-08-2025 00:00,26-08-2025 00:00,90.88,41.43,9.11,None,1.21
26-08-2025 00:00,27-08-2025 00:00,91.25,40.78,7.58,None,1.21
27-08-2025 00:00,28-08-2025 00:00,86.77,40.73,7.45,None,1.21
28-08-2025 00:00,29-08-2025 00:00,89.88,40.2,6.99,None,1.21
29-08-2025 00:00,30-08-2025 00:00,90.3,38.34,7.59,None,1.21
30-08-2025 00:00,31-08-2025 00:00,92.19,39.62,7.58,None,1.21
31-08-2025 00:00,01-09-2025 00:00,88.05,39.91,7.22,None,1.21
01-09-2025 00:00,02-09-2025 00:00,87.07,37.19,7.32,None,1.2
02-09-2025 00:00,03-09-2025 00:00,88.18,35.34,7.66,None,1.21
03-09-2025 00:00,04-09-2025 00:00,86.59,35.35,7.27,None,1.21
04-09-2025 00:00,05-09-2025 00:00,87.27,36.16,7.37,None,1.21
05-09-2025 00:00,06-09-2025 00:00,90.26,38.31,7.49,None,1.21
06-09-2025 00:00,07-09-2025 00:00,88.79,38.7,6.78,None,1.21
07-09-2025 00:00,08-09-2025 00:00,87.32,37.79,7.37,None,1.2
08-09-2025 00:00,09-09-2025 00:00,89.38,38.68,7.88,None,1.21
09-09-2025 00:00,10-09-2025 00:00,94.23,38.2,7.82,None,1.21
10-09-2025 00:00,11-09-2025 00:00,92.82,39.37,7.07,None,1.2
11-09-2025 00:00,12-09-2025 00:00,88.76,35.42,6.92,None,1.2
12-09-2025 00:00,13-09-2025 00:00,91.73,37.25,7.26,None,1.21
13-09-2025 00:00,14-09-2025 00:00,94.1,39.27,7.15,None,1.21
14-09-2025 00:00,15-09-2025 00:00,90.53,39.44,6.95,None,1.21
15-09-2025 00:00,16-09-2025 00:00,91.37,38.59,8.14,None,1.21
16-09-2025 00:00,17-09-2025 00:00,89.31,39.4,7.09,None,1.21
17-09-2025 00:00,18-09-2025 00:00,86.22,39.92,7.58,None,1.21
18-09-2025 00:00,19-09-2025 00:00,84.95,40.22,6.74,None,1.2
19-09-2025 00:00,20-09-2025 00:00,83.38,38.26,6.99,None,1.2
20-09-2025 00:00,21-09-2025 00:00,None,None,None,None,None
21-09-2025 00:00,22-09-2025 00:00,None,None,None,None,None
22-09-2025 00:00,23-09-2025 00:00,None,None,None,None,None
23-09-2025 00:00,24-09-2025 00:00,None,None,None,None,None
24-09-2025 00:00,25-09-2025 00:00,None,None,None,None,None
25-09-2025 00:00,26-09-2025 00:00,None,None,None,None,None
26-09-2025 00:00,27-09-2025 00:00,89.56,38.54,7.18,None,1.21
27-09-2025 00:00,28-09-2025 00:00,88.52,38.43,7.24,None,1.21
28-09-2025 00:00,29-09-2025 00:00,90.99,38.89,7.08,None,1.21
29-09-2025 00:00,30-09-2025 00:00,86.77,39.2,6.58,None,1.2
30-09-2025 00:00,01-10-2025 00:00,93.33,37.63,7.63,None,1.2
01-10-2025 00:00,02-10-2025 00:00,89.33,40.35,7.49,None,1.21
02-10-2025 00:00,03-10-2025 00:00,87.55,41.58,7.09,None,1.21
03-10-2025 00:00,04-10-2025 00:00,85.14,40.44,6.16,None,1.21
04-10-2025 00:00,05-10-2025 00:00,None,None,None,None,None
05-10-2025 00:00,06-10-2025 00:00,None,None,None,None,None
06-10-2025 00:00,07-10-2025 00:00,None,None,None,None,None
07-10-2025 00:00,08-10-2025 00:00,None,None,None,None,None
08-10-2025 00:00,09-10-2025 00:00,99.8,39.49,7.64,None,1.21
09-10-2025 00:00,10-10-2025 00:00,88.38,39.9,6.73,None,1.21
10-10-2025 00:00,11-10-2025 00:00,86.09,37.83,6.74,None,1.21
11-10-2025 00:00,12-10-2025 00:00,91.21,36.65,7.39,None,1.21
12-10-2025 00:00,13-10-2025 00:00,98.28,36.9,7.24,None,1.21
13-10-2025 00:00,14-10-2025 00:00,97.76,38.29,7.65,None,1.21
14-10-2025 00:00,15-10-2025 00:00,90.81,37.98,8.02,None,1.21
15-10-2025 00:00,16-10-2025 00:00,None,None,None,None,None
16-10-2025 00:00,17-10-2025 00:00,95,39.06,6.04,None,1.22
17-10-2025 00:00,18-10-2025 00:00,88.84,38.05,6.93,None,1.21
18-10-2025 00:00,19-10-2025 00:00,89.81,38.62,7.12,None,1.21
19-10-2025 00:00,20-10-2025 00:00,89.61,37.61,7.01,None,1.21
20-10-2025 00:00,21-10-2025 00:00,110.44,40.34,9.46,None,1.38
21-10-2025 00:00,22-10-2025 00:00,118.58,35.54,11.53,None,1.73
22-10-2025 00:00,23-10-2025 00:00,107.88,34.5,11.13,None,1.73
23-10-2025 00:00,24-10-2025 00:00,96.83,34.89,11.27,None,1.73
24-10-2025 00:00,25-10-2025 00:00,94.44,34.75,11.46,None,1.74
25-10-2025 00:00,26-10-2025 00:00,97.22,35.65,10.97,None,1.73
26-10-2025 00:00,27-10-2025 00:00,94.55,36.38,9.72,None,1.74
27-10-2025 00:00,28-10-2025 00:00,93.69,36.34,10.82,None,1.74
28-10-2025 00:00,29-10-2025 00:00,93.42,35.26,10.55,None,1.73
29-10-2025 00:00,30-10-2025 00:00,98.14,35.26,10.95,None,1.73
30-10-2025 00:00,31-10-2025 00:00,93.67,35.46,11.01,None,1.74
31-10-2025 00:00,01-11-2025 00:00,90.38,35.19,10.3,None,1.74
01-11-2025 00:00,02-11-2025 00:00,None,None,None,None,None
02-11-2025 00:00,03-11-2025 00:00,None,None,None,None,None
03-11-2025 00:00,04-11-2025 00:00,101.24,37.39,12.21,None,1.74
04-11-2025 00:00,05-11-2025 00:00,99.16,36.63,10.37,None,1.73
05-11-2025 00:00,06-11-2025 00:00,98.74,36.91,11.1,None,1.74
06-11-2025 00:00,07-11-2025 00:00,99.55,37.48,11.12,None,1.73
07-11-2025 00:00,08-11-2025 00:00,102.61,37.95,10.19,None,1.74
08-11-2025 00:00,09-11-2025 00:00,106.11,38.07,10.87,None,1.74
09-11-2025 00:00,10-11-2025 00:00,105.44,36.64,11.45,None,1.73
10-11-2025 00:00,11-11-2025 00:00,109.59,36.47,10.6,None,1.73
11-11-2025 00:00,12-11-2025 00:00,110.34,38.51,12.9,None,1.73
12-11-2025 00:00,13-11-2025 00:00,108.33,38.16,10.39,None,1.73
13-11-2025 00:00,14-11-2025 00:00,107.68,38.25,11.01,None,1.73
14-11-2025 00:00,15-11-2025 00:00,107.52,35.66,11.68,None,1.74
15-11-2025 00:00,16-11-2025 00:00,106.69,35.97,10.21,None,1.73
16-11-2025 00:00,17-11-2025 00:00,109.79,36.31,11.18,None,1.73
17-11-2025 00:00,18-11-2025 00:00,108.24,34.13,11.31,None,1.73
18-11-2025 00:00,19-11-2025 00:00,104.29,34.97,11.01,None,1.73
19-11-2025 00:00,20-11-2025 00:00,102.73,35.76,11.71,None,1.74
20-11-2025 00:00,21-11-2025 00:00,106.25,36.91,11.53,None,1.73
21-11-2025 00:00,22-11-2025 00:00,103.91,38.31,9.19,None,1.75
22-11-2025 00:00,23-11-2025 00:00,None,None,None,None,None
23-11-2025 00:00,24-11-2025 00:00,None,None,None,None,None
24-11-2025 00:00,25-11-2025 00:00,94.11,34.25,11.21,None,1.72
25-11-2025 00:00,26-11-2025 00:00,87.62,31.76,11.12,None,1.74
26-11-2025 00:00,27-11-2025 00:00,87.46,31.76,10.83,None,1.74
27-11-2025 00:00,28-11-2025 00:00,87.48,30.86,11.76,None,1.74
28-11-2025 00:00,29-11-2025 00:00,87.49,30.21,12.36,None,1.74
29-11-2025 00:00,30-11-2025 00:00,87.67,29.94,13.32,None,1.73
30-11-2025 00:00,01-12-2025 00:00,87.49,29.59,13.5,None,1.73
01-12-2025 00:00,02-12-2025 00:00,87.63,29.99,13.6,None,1.73
02-12-2025 00:00,03-12-2025 00:00,87.55,31.11,12.14,None,1.74
03-12-2025 00:00,04-12-2025 00:00,87.58,31.3,11.76,None,1.73
04-12-2025 00:00,05-12-2025 00:00,87.52,31.86,11.04,None,1.73
05-12-2025 00:00,06-12-2025 00:00,87.52,31.61,11.24,None,1.73
06-12-2025 00:00,07-12-2025 00:00,87.61,31.34,12.39,None,1.74
07-12-2025 00:00,08-12-2025 00:00,87.53,30.57,11.4,None,1.73
08-12-2025 00:00,09-12-2025 00:00,87.52,30.75,11.57,None,1.73
09-12-2025 00:00,10-12-2025 00:00,87.62,29.78,12.54,None,1.74
10-12-2025 00:00,11-12-2025 00:00,87.51,29.97,12.32,None,1.73
11-12-2025 00:00,12-12-2025 00:00,None,None,None,None,None
12-12-2025 00:00,13-12-2025 00:00,None,None,None,None,None
13-12-2025 00:00,14-12-2025 00:00,None,None,None,None,None
14-12-2025 00:00,15-12-2025 00:00,None,None,None,None,None
15-12-2025 00:00,16-12-2025 00:00,84.32,25.33,14.14,None,1.73
16-12-2025 00:00,17-12-2025 00:00,85.88,25.46,16.34,None,1.73
17-12-2025 00:00,18-12-2025 00:00,87.28,26.03,16.68,None,1.73
18-12-2025 00:00,19-12-2025 00:00,89.67,25.77,18.34,None,1.73
19-12-2025 00:00,20-12-2025 00:00,95.03,25.58,18.98,None,1.59
20-12-2025 00:00,21-12-2025 00:00,91.45,25.44,17.75,None,1.42
21-12-2025 00:00,22-12-2025 00:00,91.65,25.38,17.73,None,1.42
22-12-2025 00:00,23-12-2025 00:00,91.61,25.48,17.75,None,1.41
23-12-2025 00:00,24-12-2025 00:00,91.75,25.66,17.72,None,1.42
24-12-2025 00:00,25-12-2025 00:00,91.66,25.77,17.8,None,1.43
25-12-2025 00:00,26-12-2025 00:00,87.2,25.02,17.76,None,1.42
26-12-2025 00:00,27-12-2025 00:00,76.77,25.53,17.73,None,1.42
27-12-2025 00:00,28-12-2025 00:00,77.35,25.41,17.76,None,1.41
28-12-2025 00:00,29-12-2025 00:00,79.56,25.31,17.7,None,1.4
29-12-2025 00:00,30-12-2025 00:00,79.61,25.24,17.74,None,1.43
30-12-2025 00:00,31-12-2025 00:00,90.66,25.85,17.77,None,1.41
31-12-2025 00:00,01-01-2026 00:00,95.49,26.29,17.74,None,1.46
01-01-2026 00:00,02-01-2026 00:00,94.36,26.88,17.75,None,1.51
02-01-2026 00:00,03-01-2026 00:00,91.31,26.35,17.76,None,1.5
03-01-2026 00:00,04-01-2026 00:00,91.39,26,17.73,None,1.5
04-01-2026 00:00,05-01-2026 00:00,None,None,None,None,None
05-01-2026 00:00,06-01-2026 00:00,91.29,25.5,17.79,None,1.51
06-01-2026 00:00,07-01-2026 00:00,91.35,25.76,17.77,None,1.52
07-01-2026 00:00,08-01-2026 00:00,91.27,25.56,17.78,None,1.53
08-01-2026 00:00,09-01-2026 00:00,91.22,25.14,17.71,None,1.49
09-01-2026 00:00,10-01-2026 00:00,91.15,25.29,17.76,None,1.51
10-01-2026 00:00,11-01-2026 00:00,91.06,25.74,17.77,None,1.52
11-01-2026 00:00,12-01-2026 00:00,91.2,25.73,17.75,None,1.51
12-01-2026 00:00,13-01-2026 00:00,91.29,26.04,17.74,None,1.5
13-01-2026 00:00,14-01-2026 00:00,91.1,26.67,17.75,None,1.5
14-01-2026 00:00,15-01-2026 00:00,91.16,27.05,17.74,None,1.5
15-01-2026 00:00,16-01-2026 00:00,91.43,26.64,17.7,None,1.51
16-01-2026 00:00,17-01-2026 00:00,None,None,None,None,None
17-01-2026 00:00,18-01-2026 00:00,91.17,26.51,17.78,None,1.53
18-01-2026 00:00,19-01-2026 00:00,91.23,26.87,17.74,None,1.5
19-01-2026 00:00,20-01-2026 00:00,91.11,26.69,17.71,None,1.52
20-01-2026 00:00,21-01-2026 00:00,91.37,27.36,17.73,None,1.48
21-01-2026 00:00,22-01-2026 00:00,95.37,26.13,17.77,None,1.49
22-01-2026 00:00,23-01-2026 00:00,98.47,26.32,17.74,None,1.51
23-01-2026 00:00,24-01-2026 00:00,98.55,26.63,17.74,None,1.52
24-01-2026 00:00,25-01-2026 00:00,98.44,26.96,17.74,None,1.49
25-01-2026 00:00,26-01-2026 00:00,98.62,27.65,17.76,None,1.51
26-01-2026 00:00,27-01-2026 00:00,98.6,27.48,17.74,None,1.5
27-01-2026 00:00,28-01-2026 00:00,98.58,28.07,17.8,None,1.51
28-01-2026 00:00,29-01-2026 00:00,93.77,28.08,17.77,None,1.52
29-01-2026 00:00,30-01-2026 00:00,87.85,27.93,17.73,None,1.5
30-01-2026 00:00,31-01-2026 00:00,88.01,27.88,17.76,None,1.52
31-01-2026 00:00,01-02-2026 00:00,88.1,27.69,17.77,None,1.52
01-02-2026 00:00,02-02-2026 00:00,88.06,27.86,17.75,None,1.51
02-02-2026 00:00,03-02-2026 00:00,90.12,28.19,17.74,None,1.5
03-02-2026 00:00,04-02-2026 00:00,92.9,27.81,17.77,None,1.53
04-02-2026 00:00,05-02-2026 00:00,90.6,27.57,15.43,None,1.51
05-02-2026 00:00,06-02-2026 00:00,90.62,27.73,12.67,None,1.52
06-02-2026 00:00,07-02-2026 00:00,94.59,28.03,12.65,None,1.5
07-02-2026 00:00,08-02-2026 00:00,94.61,28.27,12.7,None,1.51
08-02-2026 00:00,09-02-2026 00:00,94.69,27.86,12.65,None,1.5
09-02-2026 00:00,10-02-2026 00:00,99.88,27.53,14.65,None,1.5
10-02-2026 00:00,11-02-2026 00:00,101.57,28.01,15.29,None,1.52
11-02-2026 00:00,12-02-2026 00:00,101.68,27.03,15.3,None,1.52
12-02-2026 00:00,13-02-2026 00:00,101.67,27.2,15.3,None,1.5
13-02-2026 00:00,14-02-2026 00:00,101.78,28.2,15.28,None,1.49
14-02-2026 00:00,15-02-2026 00:00,101.75,28.31,15.28,None,1.49
15-02-2026 00:00,16-02-2026 00:00,101.65,28.26,15.34,None,1.53
16-02-2026 00:00,17-02-2026 00:00,101.62,28.17,15.26,None,1.48
17-02-2026 00:00,17-02-2026 00:00,101.79,29.59,12.78,None,1.32
