City,Latitude,Longitude,Nearest_Road_km,Nearest_Industry_km,Nearest_Dump_km,Nearest_Farm_km
Amaravati,16.5150833,80.5181667,0.07155843694799835,,,1.1041989930385254
Chittoor,13.20488,79.097889,0.08127981468479831,1.0358601218211485,,
Bhopal,23.210494,77.425409,0.03315515383968826,2.2994046867788906,2.9972888934805435,2.3922505967151864
Indore,22.431,75.5213,3.0820613660515055,,,
Indore,22.678,75.8559,0.08354854161161844,2.4632313331688405,,
Bhopal,23.264759,77.381568,0.05344759361589943,3.989790753211423,,
Bhopal,23.233584,77.400574,0.051874681491170464,2.667130433910024,,
Indore,22.7524,75.8872,0.03476158369672058,0.5665372852459979,,3.599160909354524
Indore,22.7084,75.8815,0.06496456498075726,1.4456968606453613,,
