city,latitude,longitude,pollutant,value,distance_to_road_m,distance_to_industry_m,distance_to_farmland_m,distance_to_dump_m
Anantapur,14.675886,77.593027,O3,17.0,986756.083468534,1010322.0416784557,20000,20000
Chittoor,13.20488,79.097889,NO2,16.0,1142372.667707899,1167788.355084268,20000,20000
Chittoor,13.20488,79.097889,O3,37.0,1142372.667707899,1167788.355084268,20000,20000
Kadapa,14.465052,78.824187,SO2,11.0,998148.5842013743,1023295.0813589444,20000,20000
Rajamahendravaram,16.9872867,81.7363176,SO2,11.0,765672.4578542716,794380.1873194916,20000,20000
Tirumala,13.67,79.35,NO2,32.0,1089683.0826509434,1115317.4910207521,20000,20000
Tirupati,13.615387,79.40923,CO,28.0,1096167.069241322,1121847.5353656085,20000,20000
Tirupati,13.615387,79.40923,O3,17.0,1096167.069241322,1121847.5353656085,20000,20000
Arrah,25.5626095,84.663264,CO,52.0,659064.974188761,700249.0257676694,20000,20000
Begusarai,25.42742023,86.13886079,O3,88.0,803419.928150801,846547.9300361082,20000,20000
Bettiah,26.80365,84.51954,PM10,93.0,726505.9595925126,764469.2808095083,20000,20000
Bettiah,26.80365,84.51954,NO2,8.0,726505.9595925126,764469.2808095083,20000,20000
Bettiah,26.80365,84.51954,SO2,12.0,726505.9595925126,764469.2808095083,20000,20000
Bettiah,26.80365,84.51954,CO,91.0,726505.9595925126,764469.2808095083,20000,20000
Gaya,24.792403,84.992416,PM10,203.0,657314.9632682931,701134.4268599765,20000,20000
Gaya,24.792403,84.992416,O3,22.0,657314.9632682931,701134.4268599765,20000,20000
Gaya,24.762518,84.982348,PM10,48.0,655140.6475017373,699027.0575323324,20000,20000
Gaya,24.762518,84.982348,SO2,7.0,655140.6475017373,699027.0575323324,20000,20000
Hajipur,25.697189,85.2459,PM10,163.0,724648.1123769365,766191.4631032062,20000,20000
Hajipur,25.697189,85.2459,NO2,103.0,724648.1123769365,766191.4631032062,20000,20000
Hajipur,25.697189,85.2459,CO,21.0,724648.1123769365,766191.4631032062,20000,20000
Katihar,25.560083,87.553265,NO2,9.0,957607.8002330662,1001331.3192261148,20000,20000
Kishanganj,26.0881305,87.93840336,PM10,89.0,1019652.9167883513,1062630.5504296834,20000,20000
Kishanganj,26.0881305,87.93840336,O3,32.0,1019652.9167883513,1062630.5504296834,20000,20000
Manguraha,27.308328,84.531742,PM10,125.0,765510.0397910387,804092.24369199,20000,20000
Manguraha,27.308328,84.531742,NO2,7.0,765510.0397910387,804092.24369199,20000,20000
Motihari,26.63086,84.90051,SO2,3.0,749510.5698246002,787370.7123622285,20000,20000
Munger,25.376776,86.471523,O3,10.0,836214.2687019471,879681.8539732087,20000,20000
Muzaffarpur,26.11442,85.39813,PM10,144.0,763144.0099475153,803614.3016905686,20000,20000
Muzaffarpur,26.11442,85.39813,SO2,6.0,763144.0099475153,803614.3016905686,20000,20000
Silchar,24.82827,92.79525,NO2,28.0,1508688.9296421807,1554268.0022952042,20000,20000
Silchar,24.82827,92.79525,CO,44.0,1508688.9296421807,1554268.0022952042,20000,20000
Silchar,24.82827,92.79525,O3,5.0,1508688.9296421807,1554268.0022952042,20000,20000
Araria,26.146529,87.454184,NO2,2.0,972109.0076414004,1014644.6897184025,20000,20000
Araria,26.146529,87.454184,O3,10.0,972109.0076414004,1014644.6897184025,20000,20000
Vijayawada,16.536107,80.594233,CO,33.0,778228.8833173007,804934.6929474297,20000,20000
Vijayawada,16.509717,80.612222,NO2,42.0,781663.7402150173,808374.4104116675,20000,20000
Vijayawada,16.554731,80.64911,PM10,65.0,777510.3768915168,804240.4105294831,20000,20000
Vijayawada,16.554731,80.64911,O3,31.0,777510.3768915168,804240.4105294831,20000,20000
Byrnihat,26.071318,91.87488,O3,27.0,1437510.9912688644,1482007.2407377802,20000,20000
Guwahati,26.10887,91.589544,NO2,18.0,1407957.9681799978,1452348.3856584197,20000,20000
Guwahati,26.1875,91.744194,SO2,41.0,1427111.2692570793,1471457.5786689024,20000,20000
Nagaon,26.349082,92.68449,PM10,101.0,1533415.2940737002,1577821.7524803183,20000,20000
Bhagalpur,25.265194,87.012947,NO2,7.0,889346.9883860245,933330.7215251814,20000,20000
Chhapra,25.7808257,84.7446768,SO2,26.0,679516.3377211877,720078.6524420094,20000,20000
Byrnihat,26.071318,91.87488,NO2,8.0,1437510.9912688644,1482007.2407377802,20000,20000
Amaravati,16.5150833,80.5181667,NO2,22.0,778768.8321443734,805438.7303283135,20000,20000
Amaravati,16.5150833,80.5181667,SO2,17.0,778768.8321443734,805438.7303283135,20000,20000
Delhi,28.4706914,77.1099364,CO,27.0,658300.9935639618,688458.4593354496,20000,20000
Delhi,28.7762,77.051074,PM10,292.0,697288.7606629161,727416.6134840598,20000,20000
Delhi,28.7762,77.051074,CO,44.0,697288.7606629161,727416.6134840598,20000,20000
Delhi,28.7762,77.051074,O3,83.0,697288.7606629161,727416.6134840598,20000,20000
Delhi,28.7256504,77.2011573,NO2,118.0,686522.0056329075,716559.0010553105,20000,20000
Delhi,28.5512005,77.2735737,PM10,177.0,663052.7310695102,693076.667727242,20000,20000
Delhi,28.5512005,77.2735737,CO,6.0,663052.7310695102,693076.667727242,20000,20000
Delhi,28.656756,77.227234,NO2,36.0,677322.7152519347,707356.5817671522,20000,20000
Korba,22.348441,82.549611,O3,26.0,367289.440797142,412015.27650759433,20000,20000
Milupara,22.1910172,83.5197009,PM10,60.0,476557.3510536903,521469.49632289744,20000,20000
Milupara,22.1910172,83.5197009,NO2,29.0,476557.3510536903,521469.49632289744,20000,20000
Raipur,21.219665,81.630094,CO,24.0,341667.0257438441,378092.72294447874,20000,20000
Raipur,21.237755,81.705301,NO2,19.0,346843.95171497774,383422.1468634373,20000,20000
Chandigarh,30.735567,76.775714,NO2,20.0,947809.4059611305,977714.7697603534,20000,20000
Delhi,28.815329,77.15301,PM10,200.0,698927.5760261193,728978.6210087119,20000,20000
Delhi,28.815329,77.15301,NO2,51.0,698927.5760261193,728978.6210087119,20000,20000
Delhi,28.815329,77.15301,CO,47.0,698927.5760261193,728978.6210087119,20000,20000
Chandigarh,30.719859,76.738637,CO,37.0,946845.124645397,976777.6514476537,20000,20000
Bhilai,21.194815,81.31477,SO2,8.0,317303.4797589627,353068.6385107873,20000,20000
Bhilai,21.185571,81.343175,NO2,11.0,320363.7178164683,356161.99746976345,20000,20000
Bhilai,21.224231,81.40835,O3,12.0,322586.8957426607,358607.47328860464,20000,20000
Patna,25.599486,85.113666,PM10,141.0,706187.6330413522,747862.9357969915,20000,20000
Patna,25.599486,85.113666,NO2,58.0,706187.6330413522,747862.9357969915,20000,20000
Patna,25.596727,85.085624,NO2,25.0,703216.4346166641,744865.1309493053,20000,20000
Patna,25.596727,85.085624,SO2,5.0,703216.4346166641,744865.1309493053,20000,20000
Purnia,25.366336,87.117468,PM10,74.0,904135.1509788043,947987.2514156871,20000,20000
Purnia,25.366336,87.117468,SO2,16.0,904135.1509788043,947987.2514156871,20000,20000
Bilaspur,22.08815,82.13737,CO,27.0,333981.7348409221,377090.5644733409,20000,20000
Patna,25.586562,85.043586,PM10,170.0,698447.6949043456,740074.6680546409,20000,20000
Patna,25.586562,85.043586,SO2,7.0,698447.6949043456,740074.6680546409,20000,20000
Patna,25.592539,85.227158,O3,11.0,717294.674073257,759128.6232839355,20000,20000
Patna,25.610369,85.132568,SO2,12.0,708662.8491954657,750328.4195159889,20000,20000
Delhi,28.695381,77.181665,SO2,18.0,683399.8787655534,713458.0565257279,20000,20000
Delhi,28.7500499,77.1112615,CO,40.0,692218.0664105577,722312.5958318952,20000,20000
Delhi,28.498571,77.26484,CO,1.0,656878.6605885847,686922.0646607938,20000,20000
Delhi,28.5710274,77.0719006,PM10,183.0,671695.4396628597,701854.6392372145,20000,20000
Delhi,28.5710274,77.0719006,NO2,95.0,671695.4396628597,701854.6392372145,20000,20000
Delhi,28.6811736,77.3025234,NO2,77.0,678152.706046525,708121.0320945929,20000,20000
Delhi,28.563262,77.186937,O3,80.0,667117.27484583,697202.3656620322,20000,20000
Delhi,28.732528,77.11992,NO2,77.0,689813.4737851286,719906.1049555792,20000,20000
Delhi,28.732528,77.11992,SO2,12.0,689813.4737851286,719906.1049555792,20000,20000
Delhi,28.6514781,77.1473105,NO2,88.0,679086.0107361707,709178.337519023,20000,20000
Delhi,28.5504249,77.2159377,PM10,220.0,664670.0531697146,694737.4013731765,20000,20000
Delhi,28.5504249,77.2159377,SO2,32.0,664670.0531697146,694737.4013731765,20000,20000
Ahmedabad,22.977134,72.553024,SO2,26.0,697523.6019606163,712286.3268264427,20000,20000
Ahmedabad,23.002657,72.591912,SO2,35.0,693146.4968119961,707871.0303625398,20000,20000
Ahmedabad,23.002657,72.591912,O3,90.0,693146.4968119961,707871.0303625398,20000,20000
Ahmedabad,23.020509,72.579261,O3,59.0,694528.7427551145,709225.1389213328,20000,20000
Ahmedabad,23.041137,72.456691,NO2,23.0,708151.2541905775,722813.055718489,20000,20000
Ahmedabad,23.041137,72.456691,O3,65.0,708151.2541905775,722813.055718489,20000,20000
Delhi,28.636429,77.201067,CO,45.0,675615.317179358,705673.2356588747,20000,20000
Delhi,28.684678,77.076574,SO2,29.0,685343.299371331,715474.8885962773,20000,20000
Delhi,28.684678,77.076574,O3,77.0,685343.299371331,715474.8885962773,20000,20000
Delhi,28.60909,77.0325413,NO2,34.0,677596.8136180504,707771.5960569397,20000,20000
Delhi,28.570173,76.933762,PM10,137.0,676248.477592424,706485.3435265796,20000,20000
Delhi,28.822836,77.101981,CO,38.0,701388.6266529418,731473.179649446,20000,20000
Delhi,28.58028,77.233829,SO2,13.0,667778.2378857862,697825.3456644614,20000,20000
Delhi,28.58028,77.233829,O3,99.0,667778.2378857862,697825.3456644614,20000,20000
Delhi,28.611281,77.237738,SO2,15.0,671451.2842718642,701488.0828964354,20000,20000
Delhi,28.531346,77.190156,PM10,145.0,663130.6643790329,693220.9169974084,20000,20000
Delhi,28.531346,77.190156,O3,79.0,663130.6643790329,693220.9169974084,20000,20000
Delhi,28.56789,77.250515,O3,89.0,665770.0395655113,695807.5871922874,20000,20000
Delhi,28.6573814,77.1585447,CO,9.0,679460.8710793541,709544.1058714868,20000,20000
Delhi,28.530785,77.271255,NO2,84.0,660624.6633931218,690655.3459126824,20000,20000
Delhi,28.674045,77.131023,NO2,63.0,682339.6797830974,712437.9687407681,20000,20000
Delhi,28.639652,77.146275,CO,56.0,677676.6686713045,707772.3925857366,20000,20000
Delhi,28.54246,77.191651,PM10,160.0,664438.3853741484,694524.9949580039,20000,20000
Delhi,28.73282,77.170633,NO2,109.0,688307.0904129946,718364.5078183282,20000,20000
Surat,21.217779,72.834787,CO,124.0,701981.4389177901,719429.149678166,20000,20000
Surat,21.170046,72.795405,SO2,25.0,707931.8687150669,725434.6029323081,20000,20000
Vadodara,22.320153,73.216285,NO2,28.0,630291.6736848014,646070.5211483341,20000,20000
Vadodara,22.320153,73.216285,SO2,9.0,630291.6736848014,646070.5211483341,20000,20000
Vatva,22.969611,72.6435,PM10,168.0,687470.6515128174,702248.2092643841,20000,20000
Vatva,22.969611,72.6435,NO2,94.0,687470.6515128174,702248.2092643841,20000,20000
Vatva,22.969611,72.6435,SO2,24.0,687470.6515128174,702248.2092643841,20000,20000
Manesar,28.360699,76.93609,CO,14.0,651025.9691192277,681301.1157604489,20000,20000
Narnaul,28.060249,76.113115,NO2,64.0,652444.5271673128,682823.0919429896,20000,20000
Palwal,28.1485564,77.3320667,NO2,24.0,612238.472292392,642316.9709192468,20000,20000
Palwal,28.1485564,77.3320667,CO,30.0,612238.472292392,642316.9709192468,20000,20000
Panchkula,30.7057778,76.85318056,NO2,25.0,942009.1512888536,971868.0814483854,20000,20000
Vatva,22.969611,72.6435,O3,46.0,687470.6515128174,702248.2092643841,20000,20000
Bahadurgarh,28.6701,76.9254,NO2,13.0,688581.7095607893,718803.5683843764,20000,20000
Bhiwani,28.806223,76.141105,O3,14.0,736099.014154442,766516.3563109392,20000,20000
Charkhi Dadri,28.593883,76.270653,NO2,15.0,705616.2719386971,736032.5156041448,20000,20000
Bhavnagar,21.755417,72.139056,CO,119.0,760379.3238974051,776618.4084373611,20000,20000
Gandhinagar,23.243639,72.68994,NO2,,682455.8832413525,696789.3571680762,20000,20000
Gandhinagar,23.221714,72.654328,CO,55.0,686347.2575598093,700718.6528529645,20000,20000
Hisar,29.14056,75.744941,NO2,27.0,793253.3701040249,823667.4746661759,20000,20000
Kurukshetra,29.966942,76.875879,CO,24.0,849006.6767167558,878999.8245083472,20000,20000
Mandikhera,27.9002,76.9938,O3,27.0,594101.0127121251,624432.084876041,20000,20000
Ahmedabad,23.023389,72.515201,SO2,28.0,701655.9653819697,716346.3714494379,20000,20000
Ahmedabad,23.023389,72.515201,O3,52.0,701655.9653819697,716346.3714494379,20000,20000
Ahmedabad,23.076793,72.627874,SO2,10.0,689079.3621812207,703687.7516700579,20000,20000
Ankleshwar,21.613267,73.010555,SO2,24.0,669807.8865521223,686664.6492931348,20000,20000
Bhavnagar,21.755417,72.139056,SO2,30.0,760379.3238974051,776618.4084373611,20000,20000
Faridabad,28.4417,77.3217,NO2,38.0,648264.9568152376,678277.927059624,20000,20000
Fatehabad,29.503664,75.467934,NO2,19.0,848435.8287400134,878843.8674677256,20000,20000
Gurugram,28.4227,77.0667,SO2,8.0,653925.593258533,684119.7088582752,20000,20000
Gurugram,28.4227,77.0667,O3,13.0,653925.593258533,684119.7088582752,20000,20000
Gurugram,28.4275,77.1465,PM10,,651886.7047740485,682030.3975376133,20000,20000
Gurugram,28.4501238,77.0263051,SO2,5.0,658598.463815494,688809.9339197541,20000,20000
Gurugram,28.4501238,77.0263051,CO,93.0,658598.463815494,688809.9339197541,20000,20000
Fatehabad,29.503664,75.467934,O3,69.0,848435.8287400134,878843.8674677256,20000,20000
Gurugram,28.4227,77.0667,PM10,163.0,653925.593258533,684119.7088582752,20000,20000
Mysuru,12.21041,76.37376,CO,19.0,1290287.9135803923,1312890.893761278,20000,20000
Ramanagara,12.733409,77.298051,O3,76.0,1211723.2453778484,1235313.9542613437,20000,20000
Shivamogga,13.94,75.555917,NO2,22.0,1126788.0109099692,1147515.4007350707,20000,20000
Tumakuru,13.377516,77.099072,O3,23.0,1143088.363159022,1166293.2154763523,20000,20000
Vijayapura,16.802639,75.722694,SO2,3.0,814135.7339151243,834327.5838593462,20000,20000
Vijayapura,16.802639,75.722694,CO,21.0,814135.7339151243,834327.5838593462,20000,20000
Bengaluru,12.921418,77.502466,SO2,6.0,1187056.3040592521,1210852.9190381623,20000,20000
Bengaluru,13.0246342,77.5080115,NO2,,1175299.489346866,1199085.1885497917,20000,20000
Bengaluru,13.0246342,77.5080115,SO2,,1175299.489346866,1199085.1885497917,20000,20000
Bengaluru,13.0246342,77.5080115,CO,35.0,1175299.489346866,1199085.1885497917,20000,20000
Bengaluru,12.917348,77.622813,SO2,9.0,1185666.6524797417,1209603.0178261225,20000,20000
Bengaluru,12.917348,77.622813,CO,39.0,1185666.6524797417,1209603.0178261225,20000,20000
Chamarajanagar,11.55358,76.55521,NO2,27.0,1358874.4083681689,1381860.3475971487,20000,20000
Yamuna Nagar,30.1480566,77.2893471,O3,28.0,861168.6802423729,890800.3484628925,20000,20000
Baddi,30.943887,76.801991,PM10,115.0,973353.0212506714,1003200.8216477537,20000,20000
Baddi,30.943887,76.801991,CO,51.0,973353.0212506714,1003200.8216477537,20000,20000
Srinagar,34.06313,74.96017,SO2,4.0,1425339.753889342,1455534.142947598,20000,20000
Kollam,8.8787,76.6073,PM10,76.0,1655344.9858373206,1678868.105120389,20000,20000
Kollam,8.8787,76.6073,NO2,9.0,1655344.9858373206,1678868.105120389,20000,20000
Kollam,8.8787,76.6073,CO,15.0,1655344.9858373206,1678868.105120389,20000,20000
Kollam,8.8787,76.6073,O3,38.0,1655344.9858373206,1678868.105120389,20000,20000
Thiruvananthapuram,8.5637,76.8865,O3,37.0,1685666.5860006716,1709466.5539899853,20000,20000
Thiruvananthapuram,8.5149093,76.9435879,PM10,94.0,1690216.6884241248,1714068.9893657132,20000,20000
Chikkamagaluru,13.328028,75.797056,PM10,67.0,1184420.7439780373,1205836.1742179529,20000,20000
Dharwad,15.459706,75.008381,SO2,12.0,988828.8051623226,1009038.4484542023,20000,20000
Dharwad,15.459706,75.008381,CO,56.0,988828.8051623226,1009038.4484542023,20000,20000
Madikeri,12.415911,75.73505,SO2,7.0,1285983.0330268221,1307703.2696323094,20000,20000
Bengaluru,13.029152,77.585901,SO2,12.0,1173566.0413709204,1197442.385265314,20000,20000
Bengaluru,12.938539,77.5901,CO,15.0,1183756.8038675762,1207652.3189527793,20000,20000
Bengaluru,12.7816279,77.6299145,PM10,121.0,1200924.9186644952,1224889.4652325998,20000,20000
Bagalkot,16.172806,75.659694,PM10,46.0,883602.7297400883,903687.681786183,20000,20000
Bagalkot,16.172806,75.659694,NO2,12.0,883602.7297400883,903687.681786183,20000,20000
Bengaluru,12.9135218,77.5950804,PM10,102.0,1186512.7085021178,1210417.8417467587,20000,20000
Bengaluru,12.9135218,77.5950804,CO,50.0,1186512.7085021178,1210417.8417467587,20000,20000
Bengaluru,12.9352049,77.6814488,CO,38.0,1182796.355890484,1206796.998138718,20000,20000
Bhopal,23.264759,77.381568,NO2,28.0,161449.10027263057,174925.67194531244,20000,20000
Bhopal,23.264759,77.381568,SO2,14.0,161449.10027263057,174925.67194531244,20000,20000
Bhopal,23.233584,77.400574,SO2,19.0,158869.1831935173,172572.67083376434,20000,20000
Dewas,22.9682591,76.064118,O3,1.0,306858.88758622593,321913.37020585255,20000,20000
Rohtak,28.52123,76.37138,CO,35.0,692688.766079852,723099.9463681111,20000,20000
Rohtak,28.52123,76.37138,O3,39.0,692688.766079852,723099.9463681111,20000,20000
Yamuna Nagar,30.1480566,77.2893471,PM10,162.0,861168.6802423729,890800.3484628925,20000,20000
Yamuna Nagar,30.1480566,77.2893471,CO,50.0,861168.6802423729,890800.3484628925,20000,20000
Akola,20.719516,77.000253,CO,16.0,343694.22369064577,364187.80617760477,20000,20000
Amravati,20.9402359,77.7895248,NO2,16.0,275620.6252504716,295823.7090009462,20000,20000
Amravati,20.939198,77.765701,NO2,18.0,276872.5903715834,297103.3046324383,20000,20000
Aurangabad,19.87562,75.38731,CO,25.0,537904.5728354134,558054.4774010361,20000,20000
Aurangabad,19.8389439,75.244448,NO2,18.0,552373.8081331826,572464.7126102945,20000,20000
Aurangabad,19.8389439,75.244448,SO2,21.0,552373.8081331826,572464.7126102945,20000,20000
Sagar,23.8640158,78.80289321,NO2,13.0,58148.94708136041,87203.54944227889,20000,20000
Singrauli,24.10897,82.64558,CO,50.0,383023.88408332353,426950.5499974072,20000,20000
Singrauli,24.10897,82.64558,O3,13.0,383023.88408332353,426950.5499974072,20000,20000
Ujjain,23.1633321,75.800225,PM10,68.0,336084.20794326975,350476.41290251253,20000,20000
Ahmednagar,19.10122,74.73339,SO2,24.0,654036.4867008134,674266.486957446,20000,20000
Chandrapur,19.9775302,79.2337086,CO,40.0,355823.39864495187,381735.2181394134,20000,20000
Dhule,20.918946,74.776388,SO2,5.0,517612.0883290806,536646.8409977026,20000,20000
Dhule,20.918946,74.776388,O3,56.0,517612.0883290806,536646.8409977026,20000,20000
Jalgaon,21.001264,75.565602,O3,30.0,437608.20095614507,457077.81270566856,20000,20000
Jalna,19.854616,75.905894,SO2,6.0,500113.5560344602,520519.8418112063,20000,20000
Katni,23.50016,80.23284,PM10,52.0,105202.14092863341,148346.7541530545,20000,20000
Katni,23.50016,80.23284,CO,26.0,105202.14092863341,148346.7541530545,20000,20000
Pithampur,22.624758,75.675238,PM10,135.0,354154.0927291954,370029.032152114,20000,20000
Ratlam,23.331731,75.045981,SO2,37.0,420997.6499698267,434951.02751658775,20000,20000
Badlapur,19.16485,73.23409,PM10,141.0,775274.3216546531,794933.2903014056,20000,20000
Belapur,19.0243902,73.0406721,PM10,122.0,802425.061617583,822085.9541116668,20000,20000
Belapur,19.0243902,73.0406721,NO2,23.0,802425.061617583,822085.9541116668,20000,20000
Gwalior,26.203442,78.193251,NO2,36.0,352817.9602338672,382508.398422542,20000,20000
Gwalior,26.203442,78.193251,O3,85.0,352817.9602338672,382508.398422542,20000,20000
Gwalior,26.200388,78.147714,SO2,9.0,353511.0006315692,383292.7457383493,20000,20000
Indore,22.7084,75.8815,SO2,2.0,329965.64244167216,345714.10486214474,20000,20000
Jabalpur,23.218135,79.95777,PM10,80.0,66222.33771827568,112059.15243933427,20000,20000
Jabalpur,23.218135,79.95777,SO2,20.0,66222.33771827568,112059.15243933427,20000,20000
Indore,22.7524,75.8872,SO2,12.0,328654.0675123922,344292.2825034827,20000,20000
Chandrapur,19.9629,79.298714,PM10,100.0,358074.8882129284,384118.928270965,20000,20000
Chandrapur,19.9629,79.298714,SO2,38.0,358074.8882129284,384118.928270965,20000,20000
Mumbai,19.11074,72.86084,NO2,78.0,812683.746651176,832242.6197766967,20000,20000
Mumbai,19.11074,72.86084,O3,56.0,812683.746651176,832242.6197766967,20000,20000
Mumbai,19.0364585,72.8954371,PM10,86.0,814629.9572287372,834237.6516658177,20000,20000
Mumbai,18.91,72.82,CO,61.0,830183.8172006609,849826.2556961778,20000,20000
Mumbai,19.04946,72.923,SO2,1.0,811246.2701033129,830856.8338020148,20000,20000
Mumbai,19.065931,72.862131,CO,11.0,815618.9061067478,835200.948641153,20000,20000
Mumbai,19.065931,72.862131,O3,43.0,815618.9061067478,835200.948641153,20000,20000
Mumbai,19.23241,72.86895,CO,40.0,803763.06536812,823259.518362323,20000,20000
Mumbai,19.2243333,72.8658113,CO,18.0,804589.3099836304,824089.125071129,20000,20000
Mumbai,18.9767,72.838,SO2,1.0,823935.0046879126,843552.3730104868,20000,20000
Mumbai,18.9767,72.838,CO,43.0,823935.0046879126,843552.3730104868,20000,20000
Kalyan,19.192056,72.9585188,O3,35.0,798277.0808687188,817827.5717703524,20000,20000
Kolhapur,16.6870449,74.2505872,CO,17.0,907491.2835773577,927987.1002889711,20000,20000
Kolhapur,16.7143745,74.2426398,NO2,,905369.4337224247,925866.1695092759,20000,20000
Kolhapur,16.7143745,74.2426398,SO2,5.0,905369.4337224247,925866.1695092759,20000,20000
Latur,18.39963,76.57452,NO2,36.0,605021.1361900981,625179.432919395,20000,20000
Mumbai,19.083694,72.920967,SO2,1.0,809073.9616878481,828667.0593419452,20000,20000
Mumbai,19.2058,72.8682,SO2,25.0,805607.2826959833,825118.1928526332,20000,20000
Mumbai,19.0632143,72.8456324,O3,52.0,817300.5459504323,836878.3633908303,20000,20000
Mumbai,19.1653323,72.922099,PM10,81.0,803405.0130011765,822956.7873644007,20000,20000
Mumbai,19.0863,72.8888,NO2,9.0,811808.8374236787,831389.724698716,20000,20000
Mumbai,19.0863,72.8888,SO2,36.0,811808.8374236787,831389.724698716,20000,20000
Mumbai,19.19709,72.82204,CO,11.0,810424.1464781547,829923.269851968,20000,20000
Mumbai,19.1878657,72.8304069,NO2,30.0,810271.4523103964,829778.6480222481,20000,20000
Mumbai,19.1878657,72.8304069,SO2,27.0,810271.4523103964,829778.6480222481,20000,20000
Mumbai,19.1878657,72.8304069,CO,11.0,810271.4523103964,829778.6480222481,20000,20000
Mumbai,19.000084,72.85673,PM10,84.0,820631.200837482,840243.5933632556,20000,20000
Mira-Bhayandar,19.296481,72.840923,PM10,106.0,802111.8736528192,821561.3339256326,20000,20000
Pimpri-Chinchwad,18.63673,73.82487,NO2,,764599.5906754176,784652.7930473776,20000,20000
Pimpri-Chinchwad,18.63673,73.82487,CO,34.0,764599.5906754176,784652.7930473776,20000,20000
Pimpri-Chinchwad,18.614767,73.799516,O3,39.0,768423.3128741831,788476.2198263421,20000,20000
Pimpri-Chinchwad,18.616318,73.765797,PM10,115.0,771047.0419329789,791084.4748422669,20000,20000
Pune,18.640051,73.848956,NO2,12.0,762375.3215285296,782437.39334587,20000,20000
Pune,18.640051,73.848956,CO,2.0,762375.3215285296,782437.39334587,20000,20000
Pune,18.459883,73.852193,NO2,48.0,776741.7789572454,796887.2544026538,20000,20000
Nagpur,21.143383,79.048912,NO2,35.0,216522.17491562435,242076.70914986852,20000,20000
Nanded,19.173852,77.296291,PM10,105.0,489908.34020182135,509848.4137437247,20000,20000
Nanded,19.173852,77.296291,NO2,,489908.34020182135,509848.4137437247,20000,20000
Nashik,19.95022,73.73148,SO2,21.0,676810.2171628983,696196.6650111016,20000,20000
Pune,18.547056,73.826908,NO2,,771662.5228414225,791759.1644266864,20000,20000
Pune,18.664282,73.763966,PM10,121.0,767376.8517505392,787389.2877815604,20000,20000
Solapur,17.6336264,75.9132495,CO,15.0,717843.3827044227,738134.3208440603,20000,20000
Solapur,17.65439,75.90649,SO2,15.0,716027.2249625061,736325.2298495572,20000,20000
Aizawl,23.7176342,92.7192841,O3,4.0,1487923.220367125,1533930.9478386543,20000,20000
Kohima,25.6635413,94.0989878,O3,12.0,1668429.7551271701,1713617.9485483896,20000,20000
Angul,20.832874,85.104082,O3,133.0,696673.6342387149,739306.4724359588,20000,20000
Balasore,21.51161,86.89088,SO2,16.0,860472.1833610407,905478.4999231292,20000,20000
Nashik,19.9591346,73.7788008,SO2,8.0,671821.6677024295,691223.0828279052,20000,20000
Nashik,19.9591346,73.7788008,O3,69.0,671821.6677024295,691223.0828279052,20000,20000
Navi Mumbai,19.1135051,73.008978,O3,11.0,799070.1483997945,818678.2667522363,20000,20000
Ulhasnagar,19.235581,73.159121,CO,15.0,777099.032300272,796697.4142708343,20000,20000
Virar,19.445821,72.7988231,CO,19.0,796388.3076519436,815729.2297187407,20000,20000
Virar,19.445821,72.7988231,O3,31.0,796388.3076519436,815729.2297187407,20000,20000
Shillong,25.5586,91.8985,SO2,11.0,1425640.1188035551,1470615.688271742,20000,20000
Mumbai,19.047,72.8746,SO2,52.0,815787.106078112,835382.7154563348,20000,20000
Mumbai,18.994218,72.8158167,O3,124.0,824728.1144494645,844329.8571040056,20000,20000
Nagpur,21.152875,79.0517531,O3,28.0,215391.87424630593,240959.0310184854,20000,20000
Pune,18.536457,73.805454,NO2,19.0,774250.2466826892,794342.8075618539,20000,20000
Pune,18.536457,73.805454,CO,4.0,774250.2466826892,794342.8075618539,20000,20000
Khanna,30.736056,76.209694,NO2,28.0,965055.7550951615,995253.2793690609,20000,20000
Khanna,30.736056,76.209694,SO2,10.0,965055.7550951615,995253.2793690609,20000,20000
Ludhiana,30.9028,75.8086,CO,68.0,999829.281972104,1030137.6174919237,20000,20000
Ludhiana,30.9028,75.8086,O3,28.0,999829.281972104,1030137.6174919237,20000,20000
Mandi Gobindgarh,30.649961,76.331442,NO2,24.0,950376.1395756615,980536.0948091083,20000,20000
Patiala,30.349388,76.366642,SO2,15.0,912134.4157251073,942326.331453759,20000,20000
Patiala,30.349388,76.366642,CO,60.0,912134.4157251073,942326.331453759,20000,20000
Rupnagar,31.0325454,76.5623046,PM10,42.0,991030.0413711786,1021012.0874406387,20000,20000
Barbil,22.1166054,85.3945546,O3,87.0,682471.8053530726,727896.0566566009,20000,20000
Baripada,21.941841,86.728318,SO2,17.0,832304.9444656511,877779.8738740027,20000,20000
Baripada,21.941841,86.728318,O3,90.0,832304.9444656511,877779.8738740027,20000,20000
Bhubaneswar,20.24079,85.836784,SO2,11.0,800206.6670012475,842097.9666280877,20000,20000
Bhubaneswar,20.34652,85.8163,CO,101.0,792751.3564189975,834884.3208227346,20000,20000
Bileipada,22.06156703,85.47409613,PM10,148.0,692403.7708645727,737773.4639700932,20000,20000
Baran,25.106006,76.469948,O3,88.0,336836.56409409246,364194.4228337775,20000,20000
Barmer,25.747299,71.393989,CO,21.0,877410.9266535426,898651.2941017004,20000,20000
Barmer,25.747299,71.393989,O3,53.0,877410.9266535426,898651.2941017004,20000,20000
Bharatpur,27.215415,77.50873,NO2,23.0,494201.83560039167,524390.7681944066,20000,20000
Bharatpur,27.215415,77.50873,O3,100.0,494201.83560039167,524390.7681944066,20000,20000
Bhilwara,25.339605,74.618883,PM10,80.0,526655.9907782921,550731.193610754,20000,20000
Bhilwara,25.339605,74.618883,CO,21.0,526655.9907782921,550731.193610754,20000,20000
Bhiwadi,28.194909,76.862296,SO2,23.0,634042.5421949384,664376.5502497683,20000,20000
Bhiwadi,28.194909,76.862296,CO,77.0,634042.5421949384,664376.5502497683,20000,20000
Rourkela,22.220833,84.809444,NO2,15.0,616144.9126506326,661578.4099599746,20000,20000
Rourkela,22.220833,84.809444,SO2,6.0,616144.9126506326,661578.4099599746,20000,20000
Rourkela,22.245,84.88111111,PM10,64.0,623474.2258717575,668957.5524207094,20000,20000
Rupnagar,31.0325454,76.5623046,CO,38.0,991030.0413711786,1021012.0874406387,20000,20000
Ajmer,26.470859,74.646594,NO2,30.0,600763.4899669817,628129.4158661169,20000,20000
Alwar,27.554793,76.611536,PM10,133.0,570671.7993636455,601085.8865484287,20000,20000
Banswara,23.55519,74.44001,O3,111.0,489796.2814932144,504206.9343407082,20000,20000
Brajrajnagar,21.8004996,83.8396977,SO2,21.0,523808.4660440658,567910.8698403715,20000,20000
Brajrajnagar,21.8004996,83.8396977,CO,58.0,523808.4660440658,567910.8698403715,20000,20000
Byasanagar,20.94185,86.1151,PM10,120.0,796684.8859055811,840408.8416216875,20000,20000
Byasanagar,20.94185,86.1151,CO,43.0,796684.8859055811,840408.8416216875,20000,20000
Byasanagar,20.94185,86.1151,O3,184.0,796684.8859055811,840408.8416216875,20000,20000
Amritsar,31.62,74.876512,O3,37.0,1124688.409838675,1155096.033989935,20000,20000
Bathinda,30.233011,74.907758,PM10,158.0,960093.0063528396,990485.3933940015,20000,20000
Cuttack,20.48891,85.84768,CO,73.0,788919.4591854812,831431.3517640221,20000,20000
Nayagarh,21.847279,85.416905,PM10,144.0,691542.9717580647,736582.8305128375,20000,20000
Sikar,27.608912,75.153302,O3,107.0,662910.028746893,692496.0721627175,20000,20000
Sri Ganganagar,29.931624,73.864511,NO2,59.0,985930.667240624,1015932.6170587403,20000,20000
Sri Ganganagar,29.931624,73.864511,SO2,6.0,985930.667240624,1015932.6170587403,20000,20000
Tonk,26.159933,75.780517,PM10,126.0,480995.9458185134,509585.82979664457,20000,20000
Tonk,26.159933,75.780517,CO,29.0,480995.9458185134,509585.82979664457,20000,20000
Udaipur,24.5886166,73.6321397,NO2,33.0,597532.8782578482,616941.6001224739,20000,20000
Udaipur,24.5886166,73.6321397,O3,52.0,597532.8782578482,616941.6001224739,20000,20000
Gangtok,27.33853,88.614099,SO2,1.0,1151193.398678155,1192225.928082853,20000,20000
Jodhpur,26.29581,73.082283,SO2,3.0,733256.4952127596,757926.5298378596,20000,20000
Jodhpur,26.29581,73.082283,CO,25.0,733256.4952127596,757926.5298378596,20000,20000
Jodhpur,26.29581,73.082283,O3,113.0,733256.4952127596,757926.5298378596,20000,20000
Jodhpur,26.215415,73.070156,PM10,151.0,729638.112034675,754081.6966749233,20000,20000
Jodhpur,26.215415,73.070156,CO,16.0,729638.112034675,754081.6966749233,20000,20000
Jodhpur,26.215415,73.070156,O3,76.0,729638.112034675,754081.6966749233,20000,20000
Jodhpur,26.358805,73.047444,NO2,30.0,740469.5177073294,765254.2794657653,20000,20000
Jodhpur,26.358805,73.047444,CO,53.0,740469.5177073294,765254.2794657653,20000,20000
Jodhpur,26.253384,72.976571,PM10,129.0,741043.8384573321,765464.5367933251,20000,20000
Jodhpur,26.253384,72.976571,NO2,22.0,741043.8384573321,765464.5367933251,20000,20000
Jodhpur,26.253384,72.976571,CO,21.0,741043.8384573321,765464.5367933251,20000,20000
Dungarpur,23.837789,73.714926,PM10,121.0,572715.311680415,588435.4206288229,20000,20000
Dungarpur,23.837789,73.714926,CO,42.0,572715.311680415,588435.4206288229,20000,20000
Dungarpur,23.837789,73.714926,O3,60.0,572715.311680415,588435.4206288229,20000,20000
Jaipur,26.902909,75.836858,NO2,23.0,546400.7013187751,576058.0359766553,20000,20000
Jaipur,26.902909,75.836858,SO2,23.0,546400.7013187751,576058.0359766553,20000,20000
Jaipur,26.902909,75.836858,O3,68.0,546400.7013187751,576058.0359766553,20000,20000
Pali,25.771061,73.340227,O3,45.0,677879.8998707427,701413.3099482694,20000,20000
Pratapgarh,24.041198,74.780702,SO2,9.0,458408.50805926166,476229.6655100403,20000,20000
Rajsamand,25.03636,73.883502,CO,28.0,586951.3773790487,608629.9335922718,20000,20000
Kota,25.16409,75.858137,NO2,55.0,396264.33664470963,422265.92303994653,20000,20000
Kota,25.16409,75.858137,O3,80.0,396264.33664470963,422265.92303994653,20000,20000
Kota,25.14389,75.821256,CO,10.0,398361.4233611564,424193.196074008,20000,20000
Kota,25.14389,75.821256,O3,18.0,398361.4233611564,424193.196074008,20000,20000
Chittorgarh,24.892047,74.623527,CO,13.0,503627.17830532737,525843.4649184187,20000,20000
Churu,28.296139,74.961696,O3,93.0,745068.7089166725,774961.9680026266,20000,20000
Dausa,26.895552,76.334753,O3,115.0,513636.2596427819,543754.8616749134,20000,20000
Jaipur,26.786682,75.827928,PM10,137.0,535615.9474935792,565149.9414412902,20000,20000
Jaipur,26.786682,75.827928,NO2,112.0,535615.9474935792,565149.9414412902,20000,20000
Jaipur,26.9502929,75.730943,SO2,21.0,558317.5878636552,587904.4343602575,20000,20000
Jaipur,26.9502929,75.730943,O3,46.0,558317.5878636552,587904.4343602575,20000,20000
Jalore,25.344694,72.626208,PM10,102.0,731535.7455440022,752778.1444565882,20000,20000
Jodhpur,26.29581,73.082283,PM10,117.0,733256.4952127596,757926.5298378596,20000,20000
Chennai,12.9533,80.2357,PM10,112.0,1178713.7057602415,1204915.0909890728,20000,20000
Chennai,12.9533,80.2357,O3,14.0,1178713.7057602415,1204915.0909890728,20000,20000
Chennai,13.1036,80.2909,CO,52.0,1162376.2876002942,1188618.48508457,20000,20000
Coimbatore,10.942451,76.978996,NO2,,1418492.5628121502,1442049.6410157173,20000,20000
Hyderabad,17.544899,78.486949,CO,20.0,644041.052215646,668474.657412229,20000,20000
Hyderabad,17.544899,78.486949,O3,30.0,644041.052215646,668474.657412229,20000,20000
Hyderabad,17.429398,78.569354,PM10,81.0,656675.6743896698,681282.062322807,20000,20000
Hyderabad,17.37206,78.50864,PM10,85.0,663905.5958473533,688408.6071026956,20000,20000
Hyderabad,17.528544,78.286195,PM10,89.0,648431.8425990926,672469.8582403158,20000,20000
Thoothukudi,8.816428,78.099039,O3,23.0,1643464.7052842577,1668185.0778486063,20000,20000
Hyderabad,17.540891,78.358528,SO2,10.0,646015.2538522339,670196.8732165267,20000,20000
Hyderabad,17.540891,78.358528,CO,45.0,646015.2538522339,670196.8732165267,20000,20000
Hyderabad,17.540891,78.358528,O3,46.0,646015.2538522339,670196.8732165267,20000,20000
Chennai,13.1662,80.2584,SO2,17.0,1154840.329948186,1181068.906384736,20000,20000
Chennai,13.1662,80.2584,CO,29.0,1154840.329948186,1181068.906384736,20000,20000
Chennai,13.164544,80.26285,SO2,18.0,1155086.874053411,1181317.815630802,20000,20000
Madurai,9.865935,78.022669,SO2,,1525922.4584651038,1550532.2599455558,20000,20000
Perundurai,11.258242,77.552761,SO2,15.0,1374028.9054443622,1398109.9000991331,20000,20000
Hyderabad,17.585705,78.126199,PM10,,644366.8411418842,668051.0826707314,20000,20000
Hyderabad,17.585705,78.126199,SO2,,644366.8411418842,668051.0826707314,20000,20000
Hyderabad,17.393559,78.339194,SO2,14.0,663342.6740279562,687519.1212031895,20000,20000
Madurai,9.865935,78.022669,PM10,,1525922.4584651038,1550532.2599455558,20000,20000
Coimbatore,10.942451,76.978996,SO2,23.0,1418492.5628121502,1442049.6410157173,20000,20000
Hyderabad,17.417094,78.457437,NO2,17.0,659203.6561080599,683603.3103434381,20000,20000
Hyderabad,17.417094,78.457437,CO,33.0,659203.6561080599,683603.3103434381,20000,20000
Hyderabad,17.349694,78.451437,NO2,10.0,667093.351812303,691493.5756244274,20000,20000
Hyderabad,17.349694,78.451437,CO,51.0,667093.351812303,691493.5756244274,20000,20000
Agartala,23.8175497,91.2726974,CO,29.0,1327766.3863036567,1373728.7374538102,20000,20000
Bulandshahr,28.406963,77.849831,CO,32.0,631186.5927504255,660635.3482835012,20000,20000
Firozabad,27.168897,78.37696,PM10,56.0,468569.6499506927,497479.83643268485,20000,20000
Firozabad,27.168897,78.37696,O3,14.0,468569.6499506927,497479.83643268485,20000,20000
Firozabad,27.1594,78.3953,NO2,15.0,467169.654104099,496041.8329634186,20000,20000
Ghaziabad,28.646233,77.358075,NO2,70.0,672323.5609794179,702252.0395511945,20000,20000
Baghpat,28.964949,77.278761,PM10,185.0,713743.9503491399,743660.3432289169,20000,20000
Bareilly,28.359581,79.414455,PM10,59.0,612880.2884742222,645172.4917361025,20000,20000
Bareilly,28.359581,79.414455,SO2,54.0,612880.2884742222,645172.4917361025,20000,20000
Bareilly,28.38910936,79.42963708,SO2,39.0,616688.1782419883,649032.573033152,20000,20000
Agra,27.19865833,78.00598056,SO2,19.0,478505.568267763,508111.2523389937,20000,20000
Agra,27.19412,77.96237,PM10,95.0,478910.56051654904,508586.20142874826,20000,20000
Agra,27.169338,78.03582,NO2,14.0,474270.8174703728,503838.8173192845,20000,20000
Agra,27.169338,78.03582,SO2,42.0,474270.8174703728,503838.8173192845,20000,20000
Ghaziabad,28.6603346,77.3572563,O3,76.0,674080.4130427778,704005.9066269826,20000,20000
Gorakhpur,26.730136,83.433859,PM10,84.0,625331.088083329,664165.763386243,20000,20000
Gorakhpur,26.730136,83.433859,CO,4.0,625331.088083329,664165.763386243,20000,20000
Gorakhpur,26.730136,83.433859,O3,3.0,625331.088083329,664165.763386243,20000,20000
Agra,27.106972,78.000111,PM10,83.0,467385.7664020202,497035.00139260816,20000,20000
Agra,27.106972,78.000111,NO2,14.0,467385.7664020202,497035.00139260816,20000,20000
Ghaziabad,28.685382,77.453839,CO,22.0,674629.4641630717,704457.2037220704,20000,20000
Ghaziabad,28.757294,77.278792,NO2,,688168.8730067926,718137.8636349385,20000,20000
Meerut,29.06351,77.709723,CO,52.0,715981.2562047957,745433.712717806,20000,20000
Meerut,29.06351,77.709723,O3,106.0,715981.2562047957,745433.712717806,20000,20000
Moradabad,28.83526,78.7446,O3,30.0,674309.1239608612,703817.5025173534,20000,20000
Moradabad,28.840739,78.697531,PM10,123.0,675395.3891904092,704705.4313909167,20000,20000
Moradabad,28.840739,78.697531,CO,52.0,675395.3891904092,704705.4313909167,20000,20000
Moradabad,28.88528,78.7388,O3,21.0,680696.793307302,710193.3166664313,20000,20000
Moradabad,28.856664,78.772638,NO2,25.0,676809.0036632705,706440.612840819,20000,20000
Kanpur,26.509954,80.249612,NO2,25.0,398678.4347826661,435718.62484298565,20000,20000
Kanpur,26.509954,80.249612,SO2,38.0,398678.4347826661,435718.62484298565,20000,20000
Kanpur,26.4703136,80.3229863,PM10,99.0,396535.67883408006,433872.79430250556,20000,20000
Kanpur,26.4703136,80.3229863,SO2,13.0,396535.67883408006,433872.79430250556,20000,20000
Lucknow,26.766433,80.927299,O3,78.0,456077.47297110996,494573.04435733444,20000,20000
Lucknow,26.86812,81.005119,PM10,122.0,471254.2543935795,509789.7789518953,20000,20000
Lucknow,26.86812,81.005119,O3,40.0,471254.2543935795,509789.7789518953,20000,20000
Lucknow,26.8458805,80.9365541,CO,55.0,465486.32529485464,503919.71109419945,20000,20000
Lucknow,26.83399722,80.8917361,CO,39.0,462055.98183935764,500415.6713472763,20000,20000
Moradabad,28.849399,78.742362,NO2,25.0,676119.1299561297,705621.6089266347,20000,20000
Moradabad,28.802625,78.753728,NO2,29.0,670101.3819632971,699640.3450901991,20000,20000
Moradabad,28.802625,78.753728,CO,64.0,670101.3819632971,699640.3450901991,20000,20000
Muzaffarnagar,29.4723508,77.7194031,PM10,169.0,767226.3336514572,796571.1837250907,20000,20000
Hapur,28.725645,77.749675,O3,65.0,672914.6171444723,702405.1878671298,20000,20000
Jhansi,25.4547,78.6039,O3,6.0,254200.7190948456,283118.97146078176,20000,20000
Noida,28.5898,77.3101,O3,86.0,666727.7320161518,696713.3597754944,20000,20000
Prayagraj,25.425602,81.917152,CO,9.0,392095.6211640621,430722.0876364101,20000,20000
Meerut,28.999264,77.7590354,NO2,,706977.9288548318,736387.3378462692,20000,20000
Meerut,28.999264,77.7590354,O3,49.0,706977.9288548318,736387.3378462692,20000,20000
Muzaffarnagar,29.4723508,77.7194031,SO2,12.0,767226.3336514572,796571.1837250907,20000,20000
Prayagraj,25.44919916,81.82735986,NO2,5.0,386232.08410524146,425022.5487946085,20000,20000
Prayagraj,25.44919916,81.82735986,SO2,48.0,386232.08410524146,425022.5487946085,20000,20000
Prayagraj,25.44919916,81.82735986,CO,25.0,386232.08410524146,425022.5487946085,20000,20000
Varanasi,25.301778,82.996789,NO2,8.0,481803.80171331734,520638.8719192795,20000,20000
Varanasi,25.301778,82.996789,SO2,28.0,481803.80171331734,520638.8719192795,20000,20000
Varanasi,25.262326,82.995408,SO2,32.0,479045.5751706608,518081.93758535455,20000,20000
Varanasi,25.32393,82.99687,NO2,2.0,483302.79478004796,522022.5988379405,20000,20000
Varanasi,25.32393,82.99687,SO2,30.0,483302.79478004796,522022.5988379405,20000,20000
Vrindavan,27.571409,77.655757,SO2,21.0,532688.7057950151,562634.3908482229,20000,20000
Vrindavan,27.571409,77.655757,O3,15.0,532688.7057950151,562634.3908482229,20000,20000
Dehradun,30.269444,78.044167,NO2,1.0,863925.9396522728,892723.4337357316,20000,20000
Dehradun,30.269444,78.044167,CO,8.0,863925.9396522728,892723.4337357316,20000,20000
Kashipur,29.2124114,78.9611753,NO2,11.0,721013.8552904939,751449.5446980639,20000,20000
Rishikesh,30.075911,78.2859547,PM10,48.0,836740.1498658388,865243.7973192172,20000,20000
Asansol,23.685297,86.945968,SO2,37.0,846134.8079119393,892041.5842077159,20000,20000
Asansol,23.697936,86.944395,O3,44.0,846079.1474641584,891978.4618329821,20000,20000
Asansol,23.618183,87.105718,PM10,118.0,863294.3364075123,909242.818805108,20000,20000
Asansol,23.616515,87.119133,NO2,31.0,864771.2526294764,910720.958825835,20000,20000
Barrackpore,22.7605581,88.3617589,SO2,12.0,1002377.7674773546,1048426.238522337,20000,20000
Durgapur,23.508764,87.35444,O3,42.0,890179.4247387699,936181.9732630769,20000,20000
Durgapur,23.549395,87.300496,PM10,132.0,884436.7246450701,930421.8129984179,20000,20000
Durgapur,23.549395,87.300496,CO,24.0,884436.7246450701,930421.8129984179,20000,20000
Haldia,22.06047,88.109737,O3,24.0,982063.6673774614,1027800.5930625651,20000,20000
Howrah,22.629801,88.352017,CO,21.0,1002163.7439006628,1048180.5548860099,20000,20000
Howrah,22.554954,88.292568,O3,48.0,996171.6101360478,1042164.209800974,20000,20000
Howrah,22.6025571,88.3105664,O3,128.0,997771.805068577,1043779.9279427085,20000,20000
Howrah,22.611968,88.347422,CO,51.0,1001790.9751169859,1047802.564402068,20000,20000
Howrah,22.5687319,88.2797276,CO,27.0,994626.9737817734,1040623.849507916,20000,20000
Kolkata,22.5367507,88.3638022,SO2,16.0,1004240.6684613712,1050228.7271075258,20000,20000
Kolkata,22.49929,88.36917,PM10,139.0,1005180.4313266422,1051155.4545701132,20000,20000
Kolkata,22.49929,88.36917,SO2,4.0,1005180.4313266422,1051155.4545701132,20000,20000
Kolkata,22.627847,88.380669,NO2,84.0,1005361.7791929083,1051378.5007102527,20000,20000
Kolkata,22.51106,88.35142,PM10,97.0,1003100.1877741223,1049078.9959638037,20000,20000
Kolkata,22.51106,88.35142,NO2,96.0,1003100.1877741223,1049078.9959638037,20000,20000
Kolkata,22.5448082,88.3403691,PM10,,1001567.7092207117,1047557.96482112,20000,20000
Kolkata,22.5448082,88.3403691,NO2,,1001567.7092207117,1047557.96482112,20000,20000
Kolkata,22.5448082,88.3403691,O3,43.0,1001567.7092207117,1047557.96482112,20000,20000
Anantapur,14.675886,77.593027,CO,34.0,986756.083468534,1010322.0416784557,20000,20000
Chittoor,13.20488,79.097889,PM10,75.0,1142372.667707899,1167788.355084268,20000,20000
Chittoor,13.20488,79.097889,SO2,12.0,1142372.667707899,1167788.355084268,20000,20000
Chittoor,13.20488,79.097889,CO,26.0,1142372.667707899,1167788.355084268,20000,20000
Kadapa,14.465052,78.824187,NO2,21.0,998148.5842013743,1023295.0813589444,20000,20000
Tirumala,13.67,79.35,PM10,100.0,1089683.0826509434,1115317.4910207521,20000,20000
Tirumala,13.67,79.35,CO,31.0,1089683.0826509434,1115317.4910207521,20000,20000
Tirupati,13.615387,79.40923,NO2,27.0,1096167.069241322,1121847.5353656085,20000,20000
Kishanganj,26.0881305,87.93840336,CO,24.0,1019652.9167883513,1062630.5504296834,20000,20000
Manguraha,27.308328,84.531742,CO,32.0,765510.0397910387,804092.24369199,20000,20000
Manguraha,27.308328,84.531742,O3,10.0,765510.0397910387,804092.24369199,20000,20000
Motihari,26.63086,84.90051,PM10,132.0,749510.5698246002,787370.7123622285,20000,20000
Motihari,26.63086,84.90051,O3,4.0,749510.5698246002,787370.7123622285,20000,20000
Munger,25.376776,86.471523,NO2,5.0,836214.2687019471,879681.8539732087,20000,20000
Muzaffarpur,26.1403345,85.3650192,NO2,,761443.0692263391,801783.7527831146,20000,20000
Byrnihat,26.071318,91.87488,SO2,31.0,1437510.9912688644,1482007.2407377802,20000,20000
Guwahati,26.10887,91.589544,CO,68.0,1407957.9681799978,1452348.3856584197,20000,20000
Guwahati,26.1875,91.744194,NO2,,1427111.2692570793,1471457.5786689024,20000,20000
Guwahati,26.181742,91.78063,PM10,162.0,1430842.044920322,1475203.4068652524,20000,20000
Guwahati,26.181742,91.78063,SO2,25.0,1430842.044920322,1475203.4068652524,20000,20000
Guwahati,26.181742,91.78063,CO,,1430842.044920322,1475203.4068652524,20000,20000
Vijayawada,16.536107,80.594233,NO2,18.0,778228.8833173007,804934.6929474297,20000,20000
Vijayawada,16.509717,80.612222,PM10,73.0,781663.7402150173,808374.4104116675,20000,20000
Visakhapatnam,17.72,83.3,CO,18.0,773686.2385884826,807140.5547810212,20000,20000
Nalbari,26.446912,91.439057,PM10,,1403282.7798558641,1447257.6097991108,20000,20000
Nalbari,26.446912,91.439057,O3,14.0,1403282.7798558641,1447257.6097991108,20000,20000
Araria,26.146529,87.454184,PM10,82.0,972109.0076414004,1014644.6897184025,20000,20000
Araria,26.146529,87.454184,CO,54.0,972109.0076414004,1014644.6897184025,20000,20000
Arrah,25.5626095,84.663264,PM10,96.0,659064.974188761,700249.0257676694,20000,20000
Begusarai,25.42742023,86.13886079,PM10,116.0,803419.928150801,846547.9300361082,20000,20000
Begusarai,25.42742023,86.13886079,SO2,24.0,803419.928150801,846547.9300361082,20000,20000
Buxar,25.56752,83.966379,PM10,67.0,590992.2689890423,630950.516450289,20000,20000
Amaravati,16.5150833,80.5181667,O3,54.0,778768.8321443734,805438.7303283135,20000,20000
Anantapur,14.675886,77.593027,PM10,,986756.083468534,1010322.0416784557,20000,20000
Anantapur,14.675886,77.593027,NO2,,986756.083468534,1010322.0416784557,20000,20000
Byrnihat,26.071318,91.87488,PM10,93.0,1437510.9912688644,1482007.2407377802,20000,20000
Chandigarh,30.751462,76.762879,O3,48.0,950153.1336817592,980063.848556503,20000,20000
Chandigarh,30.719859,76.738637,PM10,,946845.124645397,976777.6514476537,20000,20000
Bhilai,21.194815,81.31477,PM10,46.0,317303.4797589627,353068.6385107873,20000,20000
Bhilai,21.194815,81.31477,NO2,37.0,317303.4797589627,353068.6385107873,20000,20000
Bhilai,21.224231,81.40835,PM10,63.0,322586.8957426607,358607.47328860464,20000,20000
Bhilai,21.224231,81.40835,NO2,54.0,322586.8957426607,358607.47328860464,20000,20000
Bhilai,21.224231,81.40835,SO2,45.0,322586.8957426607,358607.47328860464,20000,20000
Muzaffarpur,26.1209,85.3647,NO2,11.0,760256.2557647283,800657.3185316694,20000,20000
Muzaffarpur,26.1209,85.3647,SO2,5.0,760256.2557647283,800657.3185316694,20000,20000
Patna,25.586562,85.043586,NO2,50.0,698447.6949043456,740074.6680546409,20000,20000
Patna,25.586562,85.043586,CO,28.0,698447.6949043456,740074.6680546409,20000,20000
Patna,25.592539,85.227158,PM10,205.0,717294.674073257,759128.6232839355,20000,20000
Patna,25.592539,85.227158,NO2,37.0,717294.674073257,759128.6232839355,20000,20000
Raipur,21.258815,81.578979,O3,9.0,334302.26127101696,370730.25437101437,20000,20000
Raipur,21.237755,81.705301,PM10,71.0,346843.95171497774,383422.1468634373,20000,20000
Raipur,21.371751,81.664929,PM10,115.0,333559.42990375933,370340.7385485247,20000,20000
Tumidih,22.06631475,83.33820077,SO2,,461015.0440976129,505479.5810152819,20000,20000
Delhi,28.815329,77.15301,SO2,11.0,698927.5760261193,728978.6210087119,20000,20000
Samastipur,25.859655,85.77944,CO,10.0,786945.0909674352,828649.1311067569,20000,20000
Sasaram,24.952822,84.002396,PM10,,560751.7924105391,603134.3750426631,20000,20000
Chandigarh,30.735567,76.775714,O3,107.0,947809.4059611305,977714.7697603534,20000,20000
Delhi,28.4706914,77.1099364,O3,58.0,658300.9935639618,688458.4593354496,20000,20000
Delhi,28.7256504,77.2011573,PM10,332.0,686522.0056329075,716559.0010553105,20000,20000
Delhi,28.656756,77.227234,PM10,285.0,677322.7152519347,707356.5817671522,20000,20000
Delhi,28.656756,77.227234,CO,70.0,677322.7152519347,707356.5817671522,20000,20000
Korba,22.368195,82.746431,O3,11.0,387878.17776441097,432806.6087567258,20000,20000
Korba,22.348441,82.549611,PM10,49.0,367289.440797142,412015.27650759433,20000,20000
Korba,22.348441,82.549611,NO2,17.0,367289.440797142,412015.27650759433,20000,20000
Korba,22.348441,82.549611,CO,22.0,367289.440797142,412015.27650759433,20000,20000
Milupara,22.1910172,83.5197009,O3,125.0,476557.3510536903,521469.49632289744,20000,20000
Raipur,21.258815,81.578979,PM10,74.0,334302.26127101696,370730.25437101437,20000,20000
Patna,25.619651,85.147382,SO2,9.0,710642.323511177,752298.0112508005,20000,20000
Patna,25.619651,85.147382,O3,14.0,710642.323511177,752298.0112508005,20000,20000
Patna,25.599486,85.113666,SO2,7.0,706187.6330413522,747862.9357969915,20000,20000
Patna,25.596727,85.085624,CO,66.0,703216.4346166641,744865.1309493053,20000,20000
Chhal,22.118125,83.140608,PM10,51.0,438157.12795717234,482621.89894842426,20000,20000
Chhal,22.118125,83.140608,O3,80.0,438157.12795717234,482621.89894842426,20000,20000
Delhi,28.4706914,77.1099364,NO2,37.0,658300.9935639618,688458.4593354496,20000,20000
Delhi,28.6573814,77.1585447,PM10,243.0,679460.8710793541,709544.1058714868,20000,20000
Delhi,28.6573814,77.1585447,NO2,102.0,679460.8710793541,709544.1058714868,20000,20000
Delhi,28.530785,77.271255,O3,126.0,660624.6633931218,690655.3459126824,20000,20000
Delhi,28.623763,77.287209,O3,79.0,671542.6923515403,701538.316668966,20000,20000
Delhi,28.636429,77.201067,O3,55.0,675615.317179358,705673.2356588747,20000,20000
Delhi,28.684678,77.076574,CO,55.0,685343.299371331,715474.8885962773,20000,20000
Delhi,28.531346,77.190156,SO2,10.0,663130.6643790329,693220.9169974084,20000,20000
Delhi,28.672342,77.31526,PM10,321.0,676712.1755635985,706671.7703478521,20000,20000
Delhi,28.699793,77.165453,SO2,11.0,684427.270562685,714495.9497829381,20000,20000
Delhi,28.699793,77.165453,CO,86.0,684427.270562685,714495.9497829381,20000,20000
Delhi,28.6811736,77.3025234,CO,91.0,678152.706046525,708121.0320945929,20000,20000
Delhi,28.54246,77.191651,CO,36.0,664438.3853741484,694524.9949580039,20000,20000
Delhi,28.628624,77.24106,NO2,78.0,673474.6613048165,703504.82201314,20000,20000
Delhi,28.628624,77.24106,CO,45.0,673474.6613048165,703504.82201314,20000,20000
Delhi,28.73282,77.170633,O3,28.0,688307.0904129946,718364.5078183282,20000,20000
Delhi,28.611281,77.237738,NO2,111.0,671451.2842718642,701488.0828964354,20000,20000
Delhi,28.674045,77.131023,PM10,223.0,682339.6797830974,712437.9687407681,20000,20000
Delhi,28.674045,77.131023,CO,62.0,682339.6797830974,712437.9687407681,20000,20000
Delhi,28.732528,77.11992,CO,10.0,689813.4737851286,719906.1049555792,20000,20000
Ahmedabad,22.977134,72.553024,NO2,92.0,697523.6019606163,712286.3268264427,20000,20000
Ahmedabad,22.977134,72.553024,O3,52.0,697523.6019606163,712286.3268264427,20000,20000
Ahmedabad,23.020509,72.579261,NO2,94.0,694528.7427551145,709225.1389213328,20000,20000
Delhi,28.5627763,77.1180053,CO,11.0,669210.5642055209,699342.4369197233,20000,20000
Delhi,28.6811736,77.3025234,PM10,190.0,678152.706046525,708121.0320945929,20000,20000
Charkhi Dadri,28.593883,76.270653,O3,15.0,705616.2719386971,736032.5156041448,20000,20000
Dharuhera,28.2068,76.7997,PM10,137.0,637894.5659173116,668248.2029624489,20000,20000
Dharuhera,28.2068,76.7997,CO,192.0,637894.5659173116,668248.2029624489,20000,20000
Faridabad,28.39072,77.30059,SO2,8.0,642657.6650821113,672699.982736479,20000,20000
Faridabad,28.376058,77.315741,NO2,31.0,640421.7141368423,670455.7993948985,20000,20000
Faridabad,28.376058,77.315741,O3,15.0,640421.7141368423,670455.7993948985,20000,20000
Faridabad,28.4417,77.3217,PM10,97.0,648264.9568152376,678277.927059624,20000,20000
Faridabad,28.4417,77.3217,O3,19.0,648264.9568152376,678277.927059624,20000,20000
Jind,29.307814,76.337619,PM10,114.0,786860.7444755156,817209.750785135,20000,20000
Karnal,29.6953,77.0027,PM10,144.0,811704.7776216345,841667.811953902,20000,20000
Karnal,29.6953,77.0027,CO,6.0,811704.7776216345,841667.811953902,20000,20000
Karnal,29.6953,77.0027,O3,31.0,811704.7776216345,841667.811953902,20000,20000
Kurukshetra,29.966942,76.875879,SO2,9.0,849006.6767167558,878999.8245083472,20000,20000
Kurukshetra,29.966942,76.875879,O3,54.0,849006.6767167558,878999.8245083472,20000,20000
Surat,21.217779,72.834787,PM10,75.0,701981.4389177901,719429.149678166,20000,20000
Surat,21.217779,72.834787,NO2,46.0,701981.4389177901,719429.149678166,20000,20000
Surat,21.170046,72.795405,NO2,30.0,707931.8687150669,725434.6029323081,20000,20000
Vadodara,22.320153,73.216285,PM10,149.0,630291.6736848014,646070.5211483341,20000,20000
Vapi,20.362421,72.918013,SO2,16.0,731669.7794532892,750286.1142167612,20000,20000
Panchkula,30.7057778,76.85318056,O3,2.0,942009.1512888536,971868.0814483854,20000,20000
Sirsa,29.5364,75.0158,CO,59.0,875506.2455662255,905838.5948389827,20000,20000
Sonipat,29.0272,77.0621,NO2,12.0,727604.5504096558,757670.8822028636,20000,20000
Yamuna Nagar,30.1480566,77.2893471,NO2,37.0,861168.6802423729,890800.3484628925,20000,20000
Ankleshwar,21.613267,73.010555,PM10,106.0,669807.8865521223,686664.6492931348,20000,20000
Gandhinagar,23.163798,72.677768,PM10,176.0,683599.3525743188,698066.4262970886,20000,20000
Gandhinagar,23.163798,72.677768,O3,74.0,683599.3525743188,698066.4262970886,20000,20000
Gandhinagar,23.221714,72.654328,NO2,36.0,686347.2575598093,700718.6528529645,20000,20000
Gandhinagar,23.221714,72.654328,O3,81.0,686347.2575598093,700718.6528529645,20000,20000
Rajkot,22.248853,70.776774,PM10,102.0,900747.8577118003,916266.0197023991,20000,20000
Ambala,30.379589,76.778328,NO2,22.0,903153.4032404327,933126.9566690619,20000,20000
Ambala,30.379589,76.778328,CO,33.0,903153.4032404327,933126.9566690619,20000,20000
Ballabgarh,28.3419248,77.319699,SO2,4.0,636141.2985965798,666180.7881544429,20000,20000
Ballabgarh,28.3419248,77.319699,O3,15.0,636141.2985965798,666180.7881544429,20000,20000
Bhiwani,28.806223,76.141105,NO2,8.0,736099.014154442,766516.3563109392,20000,20000
Bhiwani,28.806223,76.141105,CO,10.0,736099.014154442,766516.3563109392,20000,20000
Manesar,28.360699,76.93609,SO2,24.0,651025.9691192277,681301.1157604489,20000,20000
Palwal,28.1485564,77.3320667,PM10,58.0,612238.472292392,642316.9709192468,20000,20000
Palwal,28.1485564,77.3320667,SO2,14.0,612238.472292392,642316.9709192468,20000,20000
Pampore,34.031606,75.009712,NO2,38.0,1419639.3171655668,1449823.388505424,20000,20000
Srinagar,34.06313,74.96017,NO2,25.0,1425339.753889342,1455534.142947598,20000,20000
Thrissur,10.5324,76.2159,PM10,,1480016.4438923362,1502868.182768903,20000,20000
Thrissur,10.5324,76.2159,CO,10.0,1480016.4438923362,1502868.182768903,20000,20000
Thrissur,10.5324,76.2159,O3,31.0,1480016.4438923362,1502868.182768903,20000,20000
Bhopal,23.264759,77.381568,PM10,102.0,161449.10027263057,174925.67194531244,20000,20000
Bhopal,23.264759,77.381568,O3,65.0,161449.10027263057,174925.67194531244,20000,20000
Bhopal,23.210494,77.425409,NO2,56.0,155816.52987793807,169683.02269296985,20000,20000
Bhopal,23.210494,77.425409,CO,28.0,155816.52987793807,169683.02269296985,20000,20000
Bhopal,23.210494,77.425409,O3,39.0,155816.52987793807,169683.02269296985,20000,20000
Bhopal,23.233584,77.400574,CO,41.0,158869.1831935173,172572.67083376434,20000,20000
Bhopal,23.233584,77.400574,O3,123.0,158869.1831935173,172572.67083376434,20000,20000
Gwalior,26.203442,78.193251,PM10,67.0,352817.9602338672,382508.398422542,20000,20000
Gwalior,26.203442,78.193251,SO2,15.0,352817.9602338672,382508.398422542,20000,20000
Gwalior,26.259242,78.216432,CO,94.0,359096.9391971902,388712.22010228364,20000,20000
Gwalior,26.200388,78.147714,PM10,102.0,353511.0006315692,383292.7457383493,20000,20000
Gwalior,26.200388,78.147714,O3,72.0,353511.0006315692,383292.7457383493,20000,20000
Indore,22.7289,75.8076,PM10,90.0,337797.1355510048,353470.00428377953,20000,20000
Indore,22.7289,75.8076,NO2,63.0,337797.1355510048,353470.00428377953,20000,20000
Indore,22.7289,75.8076,CO,2.0,337797.1355510048,353470.00428377953,20000,20000
Indore,22.431,75.5213,NO2,86.0,375248.0562397484,391477.4892636062,20000,20000
Madikeri,12.415911,75.73505,O3,3.0,1285983.0330268221,1307703.2696323094,20000,20000
Ramanagara,12.733409,77.298051,PM10,146.0,1211723.2453778484,1235313.9542613437,20000,20000
Ramanagara,12.733409,77.298051,NO2,54.0,1211723.2453778484,1235313.9542613437,20000,20000
Ramanagara,12.733409,77.298051,SO2,21.0,1211723.2453778484,1235313.9542613437,20000,20000
Shivamogga,13.94,75.555917,PM10,51.0,1126788.0109099692,1147515.4007350707,20000,20000
Chikkaballapur,13.428828,77.731418,SO2,21.0,1126111.5345870384,1150097.281393114,20000,20000
Chikkamagaluru,13.328028,75.797056,SO2,9.0,1184420.7439780373,1205836.1742179529,20000,20000
Dharwad,15.459706,75.008381,O3,33.0,988828.8051623226,1009038.4484542023,20000,20000
Hubballi,15.3714823,75.1160168,PM10,64.0,992959.1238150495,1013114.3820407914,20000,20000
Hubballi,15.3714823,75.1160168,NO2,10.0,992959.1238150495,1013114.3820407914,20000,20000
Hubballi,15.3714823,75.1160168,SO2,3.0,992959.1238150495,1013114.3820407914,20000,20000
Hubballi,15.3714823,75.1160168,O3,24.0,992959.1238150495,1013114.3820407914,20000,20000
Yadgir,16.7602,77.1428,SO2,11.0,762232.1929285356,784170.4275544735,20000,20000
Yadgir,16.7602,77.1428,CO,17.0,762232.1929285356,784170.4275544735,20000,20000
Thiruvananthapuram,8.5637,76.8865,NO2,8.0,1685666.5860006716,1709466.5539899853,20000,20000
Thiruvananthapuram,8.5637,76.8865,SO2,7.0,1685666.5860006716,1709466.5539899853,20000,20000
Thiruvananthapuram,8.5149093,76.9435879,SO2,16.0,1690216.6884241248,1714068.9893657132,20000,20000
Bengaluru,13.0270199,77.494094,NO2,25.0,1175254.7917381187,1199023.6424527531,20000,20000
Bengaluru,12.921418,77.502466,O3,24.0,1187056.3040592521,1210852.9190381623,20000,20000
Bengaluru,12.990328,77.5431385,PM10,52.0,1178620.880429978,1202453.570014485,20000,20000
Bengaluru,13.0246342,77.5080115,O3,26.0,1175299.489346866,1199085.1885497917,20000,20000
Bengaluru,13.029152,77.585901,NO2,48.0,1173566.0413709204,1197442.385265314,20000,20000
Bengaluru,13.029152,77.585901,O3,14.0,1173566.0413709204,1197442.385265314,20000,20000
Bengaluru,12.920984,77.584908,CO,31.0,1185821.8120365385,1209714.0800678325,20000,20000
Bengaluru,12.7816279,77.6299145,CO,43.0,1200924.9186644952,1224889.4652325998,20000,20000
Bengaluru,12.7816279,77.6299145,O3,22.0,1200924.9186644952,1224889.4652325998,20000,20000
Indore,22.431,75.5213,CO,38.0,375248.0562397484,391477.4892636062,20000,20000
Indore,22.431,75.5213,O3,49.0,375248.0562397484,391477.4892636062,20000,20000
Indore,22.7524,75.8872,CO,24.0,328654.0675123922,344292.2825034827,20000,20000
Indore,22.7524,75.8872,O3,21.0,328654.0675123922,344292.2825034827,20000,20000
Bengaluru,12.9135218,77.5950804,NO2,6.0,1186512.7085021178,1210417.8417467587,20000,20000
Sagar,23.838586,78.759431,PM10,52.0,55594.93482311688,85260.70161052201,20000,20000
Sagar,23.8640158,78.80289321,SO2,5.0,58148.94708136041,87203.54944227889,20000,20000
Satna,24.58434363,80.8549414,NO2,12.0,235269.31248544023,273737.1377866261,20000,20000
Ujjain,23.1633321,75.800225,SO2,9.0,336084.20794326975,350476.41290251253,20000,20000
Ahmednagar,19.10122,74.73339,NO2,20.0,654036.4867008134,674266.486957446,20000,20000
Indore,22.7084,75.8815,O3,12.0,329965.64244167216,345714.10486214474,20000,20000
Jabalpur,23.163174,79.973061,O3,40.0,67449.6308673878,113517.09897773991,20000,20000
Jabalpur,23.142888,79.916147,PM10,42.0,61109.491637125844,107188.35531240488,20000,20000
Jabalpur,23.142888,79.916147,NO2,40.0,61109.491637125844,107188.35531240488,20000,20000
Jabalpur,23.142888,79.916147,O3,73.0,61109.491637125844,107188.35531240488,20000,20000
Jabalpur,23.168606,79.932247,NO2,28.0,62925.07648986348,108981.50735073014,20000,20000
Chandrapur,19.9775302,79.2337086,PM10,118.0,355823.39864495187,381735.2181394134,20000,20000
Chandrapur,19.9775302,79.2337086,NO2,14.0,355823.39864495187,381735.2181394134,20000,20000
Jalgaon,21.001264,75.565602,SO2,,437608.20095614507,457077.81270566856,20000,20000
Jalna,19.854616,75.905894,NO2,9.0,500113.5560344602,520519.8418112063,20000,20000
Jabalpur,23.168606,79.932247,O3,90.0,62925.07648986348,108981.50735073014,20000,20000
Katni,23.50016,80.23284,NO2,29.0,105202.14092863341,148346.7541530545,20000,20000
Katni,23.50016,80.23284,O3,107.0,105202.14092863341,148346.7541530545,20000,20000
Mandideep,23.10844,77.511428,CO,24.0,145483.69327712533,160095.01742932314,20000,20000
Pithampur,22.624758,75.675238,O3,154.0,354154.0927291954,370029.032152114,20000,20000
Belapur,19.0243902,73.0406721,SO2,22.0,802425.061617583,822085.9541116668,20000,20000
Bhiwandi,19.309073,73.057223,PM10,136.0,781372.7918667877,800895.1688781643,20000,20000
Latur,18.39963,76.57452,PM10,95.0,605021.1361900981,625179.432919395,20000,20000
Latur,18.39963,76.57452,SO2,8.0,605021.1361900981,625179.432919395,20000,20000
Latur,18.39963,76.57452,CO,30.0,605021.1361900981,625179.432919395,20000,20000
Jalna,19.854616,75.905894,O3,59.0,500113.5560344602,520519.8418112063,20000,20000
Kalyan,19.25292,73.142019,O3,8.0,777457.0420503779,797040.4081270164,20000,20000
Kolhapur,16.6870449,74.2505872,NO2,39.0,907491.2835773577,927987.1002889711,20000,20000
Aurangabad,19.863756,75.321188,CO,33.0,544167.8257701354,564287.3306485396,20000,20000
Akola,20.719516,77.000253,SO2,26.0,343694.22369064577,364187.80617760477,20000,20000
Aurangabad,19.87562,75.38731,PM10,107.0,537904.5728354134,558054.4774010361,20000,20000
Mira-Bhayandar,19.296481,72.840923,NO2,40.0,802111.8736528192,821561.3339256326,20000,20000
Mira-Bhayandar,19.296481,72.840923,SO2,15.0,802111.8736528192,821561.3339256326,20000,20000
Mumbai,19.065931,72.862131,SO2,10.0,815618.9061067478,835200.948641153,20000,20000
Mumbai,19.23241,72.86895,O3,,803763.06536812,823259.518362323,20000,20000
Mumbai,18.9767,72.838,PM10,66.0,823935.0046879126,843552.3730104868,20000,20000
Mumbai,19.11074,72.86084,SO2,8.0,812683.746651176,832242.6197766967,20000,20000
Mumbai,19.0364585,72.8954371,NO2,54.0,814629.9572287372,834237.6516658177,20000,20000
Mumbai,19.0364585,72.8954371,CO,9.0,814629.9572287372,834237.6516658177,20000,20000
Mumbai,18.91,72.82,SO2,,830183.8172006609,849826.2556961778,20000,20000
Mumbai,18.91,72.82,O3,11.0,830183.8172006609,849826.2556961778,20000,20000
Nagpur,21.121801,79.04952,PM10,103.0,219098.33307638217,244652.9174326466,20000,20000
Nagpur,21.121801,79.04952,CO,12.0,219098.33307638217,244652.9174326466,20000,20000
Nagpur,21.121801,79.04952,O3,84.0,219098.33307638217,244652.9174326466,20000,20000
Nagpur,21.14472,79.107595,SO2,54.0,216510.16640930448,242292.4410314514,20000,20000
Nagpur,21.14472,79.107595,CO,48.0,216510.16640930448,242292.4410314514,20000,20000
Mumbai,19.083694,72.920967,NO2,69.0,809073.9616878481,828667.0593419452,20000,20000
Mumbai,19.2058,72.8682,PM10,99.0,805607.2826959833,825118.1928526332,20000,20000
Mumbai,19.215859,72.831718,NO2,,808285.8848007513,827778.0827473168,20000,20000
Mumbai,19.175,72.9419,SO2,,800946.4224139927,820500.0635216534,20000,20000
Mumbai,19.000084,72.85673,CO,10.0,820631.200837482,840243.5933632556,20000,20000
Nashik,20.0073285,73.7762427,SO2,3.0,668951.4417802556,688315.6715004789,20000,20000
Nashik,20.0073285,73.7762427,O3,29.0,668951.4417802556,688315.6715004789,20000,20000
Mumbai,19.060498,72.923356,PM10,113.0,810453.0217138231,830058.339450446,20000,20000
Mumbai,19.060498,72.923356,SO2,22.0,810453.0217138231,830058.339450446,20000,20000
Mumbai,19.19709,72.82204,PM10,111.0,810424.1464781547,829923.269851968,20000,20000
Mumbai,19.19709,72.82204,O3,64.0,810424.1464781547,829923.269851968,20000,20000
Mumbai,19.0632143,72.8456324,PM10,104.0,817300.5459504323,836878.3633908303,20000,20000
Mumbai,19.0632143,72.8456324,NO2,34.0,817300.5459504323,836878.3633908303,20000,20000
Virar,19.445821,72.7988231,SO2,19.0,796388.3076519436,815729.2297187407,20000,20000
Shillong,25.5586,91.8985,O3,26.0,1425640.1188035551,1470615.688271742,20000,20000
Aizawl,23.7176342,92.7192841,PM10,56.0,1487923.220367125,1533930.9478386543,20000,20000
Aizawl,23.7176342,92.7192841,SO2,17.0,1487923.220367125,1533930.9478386543,20000,20000
Kohima,25.6635413,94.0989878,NO2,3.0,1668429.7551271701,1713617.9485483896,20000,20000
Kohima,25.6635413,94.0989878,SO2,78.0,1668429.7551271701,1713617.9485483896,20000,20000
Angul,20.832874,85.104082,NO2,52.0,696673.6342387149,739306.4724359588,20000,20000
Balasore,21.51161,86.89088,PM10,138.0,860472.1833610407,905478.4999231292,20000,20000
Pimpri-Chinchwad,18.616318,73.765797,CO,31.0,771047.0419329789,791084.4748422669,20000,20000
Pune,18.459883,73.852193,PM10,133.0,776741.7789572454,796887.2544026538,20000,20000
Pune,18.459883,73.852193,O3,75.0,776741.7789572454,796887.2544026538,20000,20000
Pune,18.501793,73.927532,PM10,204.0,767308.1666539526,787465.6991097193,20000,20000
Pune,18.501793,73.927532,NO2,95.0,767308.1666539526,787465.6991097193,20000,20000
Pune,18.45445,73.854155,NO2,37.0,777031.1878965283,797179.744451691,20000,20000
Pune,18.57304,73.927715,NO2,86.0,761454.5603687864,781581.2089747497,20000,20000
Pune,18.530085,73.849598,CO,77.0,771215.594926548,791329.3412116562,20000,20000
Pune,18.547056,73.826908,CO,30.0,771662.5228414225,791759.1644266864,20000,20000
Pune,18.664282,73.763966,O3,43.0,767376.8517505392,787389.2877815604,20000,20000
Sangli,16.5038,74.3623,NO2,24.0,918337.0147484154,938818.2535146789,20000,20000
Sangli,16.5038,74.3623,SO2,17.0,918337.0147484154,938818.2535146789,20000,20000
Solapur,17.6336264,75.9132495,SO2,9.0,717843.3827044227,738134.3208440603,20000,20000
Parbhani,19.265594,76.761463,CO,12.0,504340.45248881466,524650.1171811075,20000,20000
Pimpri-Chinchwad,18.63673,73.82487,O3,111.0,764599.5906754176,784652.7930473776,20000,20000
Pimpri-Chinchwad,18.59051,73.77946,SO2,13.0,771999.8568956344,792055.8703460563,20000,20000
Pimpri-Chinchwad,18.59051,73.77946,CO,37.0,771999.8568956344,792055.8703460563,20000,20000
Pimpri-Chinchwad,18.59051,73.77946,O3,161.0,771999.8568956344,792055.8703460563,20000,20000
Pimpri-Chinchwad,18.616318,73.765797,NO2,74.0,771047.0419329789,791084.4748422669,20000,20000
Navi Mumbai,19.02579,73.10297,PM10,95.0,796768.8229077683,816449.0311061578,20000,20000
Navi Mumbai,19.02579,73.10297,NO2,9.0,796768.8229077683,816449.0311061578,20000,20000
Navi Mumbai,19.02579,73.10297,SO2,7.0,796768.8229077683,816449.0311061578,20000,20000
Navi Mumbai,19.02579,73.10297,O3,48.0,796768.8229077683,816449.0311061578,20000,20000
Navi Mumbai,19.063,73.1209,PM10,109.0,792545.7547895217,812214.9139258796,20000,20000
Navi Mumbai,19.063,73.1209,O3,42.0,792545.7547895217,812214.9139258796,20000,20000
Nashik,19.9591346,73.7788008,PM10,111.0,671821.6677024295,691223.0828279052,20000,20000
Nashik,19.9591346,73.7788008,CO,27.0,671821.6677024295,691223.0828279052,20000,20000
Navi Mumbai,19.090337,73.014232,PM10,125.0,800198.0945887936,819819.2998285359,20000,20000
Navi Mumbai,19.090337,73.014232,CO,12.0,800198.0945887936,819819.2998285359,20000,20000
Navi Mumbai,19.090337,73.014232,O3,50.0,800198.0945887936,819819.2998285359,20000,20000
Thane,19.222279,72.957979,NO2,31.0,796285.0234426275,815819.1389948982,20000,20000
Ulhasnagar,19.235581,73.159121,NO2,29.0,777099.032300272,796697.4142708343,20000,20000
Ulhasnagar,19.235581,73.159121,O3,59.0,777099.032300272,796697.4142708343,20000,20000
Balasore,21.51161,86.89088,O3,170.0,860472.1833610407,905478.4999231292,20000,20000
Barbil,22.1166054,85.3945546,PM10,156.0,682471.8053530726,727896.0566566009,20000,20000
Bhubaneswar,20.24079,85.836784,PM10,115.0,800206.6670012475,842097.9666280877,20000,20000
Bhubaneswar,20.34652,85.8163,NO2,17.0,792751.3564189975,834884.3208227346,20000,20000
Thane,19.26777,72.97182,PM10,94.0,791963.3445998235,811477.5003450428,20000,20000
Bathinda,30.233011,74.907758,NO2,23.0,960093.0063528396,990485.3933940015,20000,20000
Bathinda,30.233011,74.907758,SO2,14.0,960093.0063528396,990485.3933940015,20000,20000
Ludhiana,30.9028,75.8086,NO2,33.0,999829.281972104,1030137.6174919237,20000,20000
Mandi Gobindgarh,30.649961,76.331442,CO,108.0,950376.1395756615,980536.0948091083,20000,20000
Mandi Gobindgarh,30.649961,76.331442,O3,37.0,950376.1395756615,980536.0948091083,20000,20000
Nayagarh,21.847279,85.416905,NO2,10.0,691542.9717580647,736582.8305128375,20000,20000
Nayagarh,21.847279,85.416905,O3,29.0,691542.9717580647,736582.8305128375,20000,20000
Rairangpur,22.265816,86.174829,O3,42.0,765318.4492999695,811027.7822003495,20000,20000
Rourkela,22.18972222,84.86277778,NO2,,622669.8658526477,668071.5682264614,20000,20000
Suakati,21.606865,85.510538,NO2,,708707.3748322893,753375.4573526094,20000,20000
Suakati,21.606865,85.510538,CO,31.0,708707.3748322893,753375.4573526094,20000,20000
Patiala,30.349388,76.366642,O3,32.0,912134.4157251073,942326.331453759,20000,20000
Rupnagar,31.0325454,76.5623046,NO2,25.0,991030.0413711786,1021012.0874406387,20000,20000
Ajmer,26.470859,74.646594,O3,35.0,600763.4899669817,628129.4158661169,20000,20000
Alwar,27.554793,76.611536,NO2,79.0,570671.7993636455,601085.8865484287,20000,20000
Alwar,27.554793,76.611536,SO2,15.0,570671.7993636455,601085.8865484287,20000,20000
Tensa,21.869985,85.167016,O3,25.0,663844.7045047145,708834.5739532736,20000,20000
Puducherry,11.9309,79.8027,PM10,90.0,1290492.1475293578,1316381.062499286,20000,20000
Puducherry,11.9309,79.8027,NO2,29.0,1290492.1475293578,1316381.062499286,20000,20000
Puducherry,11.9309,79.8027,CO,19.0,1290492.1475293578,1316381.062499286,20000,20000
Amritsar,31.62,74.876512,NO2,70.0,1124688.409838675,1155096.033989935,20000,20000
Alwar,27.554793,76.611536,CO,90.0,570671.7993636455,601085.8865484287,20000,20000
Banswara,23.55519,74.44001,SO2,4.0,489796.2814932144,504206.9343407082,20000,20000
Barmer,25.747299,71.393989,PM10,87.0,877410.9266535426,898651.2941017004,20000,20000
Barmer,25.747299,71.393989,SO2,9.0,877410.9266535426,898651.2941017004,20000,20000
Bharatpur,27.215415,77.50873,SO2,6.0,494201.83560039167,524390.7681944066,20000,20000
Bhilwara,25.339605,74.618883,O3,63.0,526655.9907782921,550731.193610754,20000,20000
Bhiwadi,28.207266,76.829265,PM10,138.0,636787.5431648006,667131.3724379733,20000,20000
Bhubaneswar,20.34652,85.8163,SO2,12.0,792751.3564189975,834884.3208227346,20000,20000
Bileipada,22.06156703,85.47409613,O3,32.0,692403.7708645727,737773.4639700932,20000,20000
Bundi,25.435774,75.644272,SO2,10.0,434764.95256177214,461255.8840294334,20000,20000
Chittorgarh,24.892047,74.623527,PM10,89.0,503627.17830532737,525843.4649184187,20000,20000
Chittorgarh,24.892047,74.623527,NO2,38.0,503627.17830532737,525843.4649184187,20000,20000
Chittorgarh,24.892047,74.623527,SO2,8.0,503627.17830532737,525843.4649184187,20000,20000
Keonjhar,21.6439,85.599355,O3,41.0,717116.8932077952,761887.3443066314,20000,20000
Pratapgarh,24.041198,74.780702,O3,100.0,458408.50805926166,476229.6655100403,20000,20000
Rajsamand,25.03636,73.883502,PM10,101.0,586951.3773790487,608629.9335922718,20000,20000
Sawai Madhopur,26.031443,76.359327,PM10,137.0,425554.2238454904,454881.0132856937,20000,20000
Sikar,27.608912,75.153302,CO,25.0,662910.028746893,692496.0721627175,20000,20000
Sirohi,24.885261,72.857549,CO,12.0,690186.287692779,710004.8979833219,20000,20000
Karauli,26.506177,77.025989,NO2,43.0,432854.1018812734,463231.985182334,20000,20000
Karauli,26.506177,77.025989,CO,56.0,432854.1018812734,463231.985182334,20000,20000
Kota,25.196024,75.855668,PM10,85.0,398658.67689367005,424778.48149615707,20000,20000
Kota,25.196024,75.855668,NO2,44.0,398658.67689367005,424778.48149615707,20000,20000
Jaipur,26.960669,75.771817,O3,77.0,556535.4065914903,586176.0905294002,20000,20000
Jaipur,26.9502929,75.730943,NO2,63.0,558317.5878636552,587904.4343602575,20000,20000
Jaipur,26.9502929,75.730943,CO,118.0,558317.5878636552,587904.4343602575,20000,20000
Jaisalmer,26.912329,70.909168,PM10,78.0,983242.6474280446,1006913.5439022765,20000,20000
Churu,28.296139,74.961696,NO2,23.0,745068.7089166725,774961.9680026266,20000,20000
Dholpur,26.699557,77.898881,NO2,23.0,420323.5525774994,450285.41616002226,20000,20000
Hanumangarh,29.61075,74.283608,SO2,8.0,925816.3610899269,955899.0742856616,20000,20000
Jaipur,26.843698,75.766894,SO2,8.0,545414.8616778856,574936.7332709533,20000,20000
Jaipur,26.9164092,75.7994901,CO,82.0,550281.2358807449,579910.7040982061,20000,20000
Jaipur,26.786682,75.827928,CO,22.0,535615.9474935792,565149.9414412902,20000,20000
Jhalawar,24.588397,76.172782,CO,24.0,330678.2138335989,354728.7798958913,20000,20000
Jhunjhunu,28.108988,75.386577,CO,17.0,698856.2998990543,728931.3426907216,20000,20000
Jhunjhunu,28.108988,75.386577,O3,94.0,698856.2998990543,728931.3426907216,20000,20000
Jaisalmer,26.912329,70.909168,SO2,5.0,983242.6474280446,1006913.5439022765,20000,20000
Jaisalmer,26.912329,70.909168,CO,13.0,983242.6474280446,1006913.5439022765,20000,20000
Jalore,25.344694,72.626208,CO,36.0,731535.7455440022,752778.1444565882,20000,20000
Udaipur,24.5886166,73.6321397,PM10,144.0,597532.8782578482,616941.6001224739,20000,20000
Gangtok,27.33853,88.614099,PM10,57.0,1151193.398678155,1192225.928082853,20000,20000
Kota,25.14389,75.821256,NO2,11.0,398361.4233611564,424193.196074008,20000,20000
Perundurai,11.258242,77.552761,CO,42.0,1374028.9054443622,1398109.9000991331,20000,20000
Perundurai,11.258242,77.552761,O3,21.0,1374028.9054443622,1398109.9000991331,20000,20000
Hyderabad,17.460103,78.334361,NO2,27.0,655696.0148647196,679847.8569691966,20000,20000
Hyderabad,17.460103,78.334361,O3,15.0,655696.0148647196,679847.8569691966,20000,20000
Hyderabad,17.470431,78.566959,CO,17.0,651923.7796029928,676520.12324411,20000,20000
Hyderabad,17.5316895,78.218939,PM10,80.0,649072.2783369711,672970.4824734441,20000,20000
Hyderabad,17.5316895,78.218939,SO2,10.0,649072.2783369711,672970.4824734441,20000,20000
Hyderabad,17.5316895,78.218939,CO,31.0,649072.2783369711,672970.4824734441,20000,20000
Hyderabad,17.585705,78.126199,CO,33.0,644366.8411418842,668051.0826707314,20000,20000
Hyderabad,17.585705,78.126199,O3,35.0,644366.8411418842,668051.0826707314,20000,20000
Hyderabad,17.393559,78.339194,CO,38.0,663342.6740279562,687519.1212031895,20000,20000
Hyderabad,17.544899,78.486949,NO2,16.0,644041.052215646,668474.657412229,20000,20000
Hyderabad,17.544899,78.486949,SO2,7.0,644041.052215646,668474.657412229,20000,20000
Chennai,13.1278,80.2642,SO2,7.0,1159275.5786778557,1185504.7183057792,20000,20000
Chennai,13.1662,80.2584,PM10,116.0,1154840.329948186,1181068.906384736,20000,20000
Chennai,13.1662,80.2584,O3,18.0,1154840.329948186,1181068.906384736,20000,20000
Chennai,13.164544,80.26285,O3,10.0,1155086.874053411,1181317.815630802,20000,20000
Hyderabad,17.4559458,78.4332152,SO2,22.0,654962.0871386045,679308.3070140469,20000,20000
Hyderabad,17.417094,78.457437,SO2,20.0,659203.6561080599,683603.3103434381,20000,20000
Hyderabad,17.417094,78.457437,O3,24.0,659203.6561080599,683603.3103434381,20000,20000
Coimbatore,11.0328,77.0349,O3,5.0,1407384.6696535144,1430983.616859454,20000,20000
Coimbatore,10.942451,76.978996,PM10,80.0,1418492.5628121502,1442049.6410157173,20000,20000
Coimbatore,10.942451,76.978996,CO,32.0,1418492.5628121502,1442049.6410157173,20000,20000
Agra,27.19412,77.96237,O3,7.0,478910.56051654904,508586.20142874826,20000,20000
Agra,27.19862,77.92066,SO2,7.0,480425.4293925835,510161.8921966589,20000,20000
Agra,27.23711,78.01936,CO,22.0,482946.64974881266,512516.73930097814,20000,20000
Agra,27.106972,78.000111,SO2,11.0,467385.7664020202,497035.00139260816,20000,20000
Agra,27.19865833,78.00598056,PM10,80.0,478505.568267763,508111.2523389937,20000,20000
Agartala,23.8175497,91.2726974,O3,7.0,1327766.3863036567,1373728.7374538102,20000,20000
Hyderabad,17.37206,78.50864,CO,41.0,663905.5958473533,688408.6071026956,20000,20000
Greater Noida,28.557054,77.453663,O3,74.0,658799.4390338283,688662.0292423848,20000,20000
Hapur,28.725645,77.749675,NO2,17.0,672914.6171444723,702405.1878671298,20000,20000
Jhansi,25.4547,78.6039,PM10,56.0,254200.7190948456,283118.97146078176,20000,20000
Jhansi,25.4547,78.6039,NO2,6.0,254200.7190948456,283118.97146078176,20000,20000
Kanpur,26.428282,80.327067,PM10,78.0,391740.9439791476,429145.9319505137,20000,20000
Kanpur,26.428282,80.327067,SO2,17.0,391740.9439791476,429145.9319505137,20000,20000
Kanpur,26.509954,80.249612,PM10,101.0,398678.4347826661,435718.62484298565,20000,20000
Baghpat,28.964949,77.278761,O3,75.0,713743.9503491399,743660.3432289169,20000,20000
Bareilly,28.359581,79.414455,O3,20.0,612880.2884742222,645172.4917361025,20000,20000
Bareilly,28.38910936,79.42963708,CO,14.0,616688.1782419883,649032.573033152,20000,20000
Bulandshahr,28.406963,77.849831,PM10,122.0,631186.5927504255,660635.3482835012,20000,20000
Kanpur,26.4703136,80.3229863,NO2,51.0,396535.67883408006,433872.79430250556,20000,20000
Lucknow,26.766433,80.927299,NO2,12.0,456077.47297110996,494573.04435733444,20000,20000
Lucknow,26.766433,80.927299,SO2,20.0,456077.47297110996,494573.04435733444,20000,20000
Lucknow,26.906111,80.948222,PM10,166.0,472854.64213388064,511249.98962895555,20000,20000
Lucknow,26.906111,80.948222,NO2,28.0,472854.64213388064,511249.98962895555,20000,20000
Ghaziabad,28.685382,77.453839,PM10,200.0,674629.4641630717,704457.2037220704,20000,20000
Ghaziabad,28.685382,77.453839,NO2,94.0,674629.4641630717,704457.2037220704,20000,20000
Ghaziabad,28.6603346,77.3572563,PM10,265.0,674080.4130427778,704005.9066269826,20000,20000
Ghaziabad,28.6603346,77.3572563,SO2,20.0,674080.4130427778,704005.9066269826,20000,20000
Ghaziabad,28.6603346,77.3572563,CO,25.0,674080.4130427778,704005.9066269826,20000,20000
Firozabad,27.168897,78.37696,NO2,17.0,468569.6499506927,497479.83643268485,20000,20000
Firozabad,27.168897,78.37696,CO,31.0,468569.6499506927,497479.83643268485,20000,20000
Firozabad,27.1594,78.3953,CO,13.0,467169.654104099,496041.8329634186,20000,20000
Greater Noida,28.557054,77.453663,PM10,288.0,658799.4390338283,688662.0292423848,20000,20000
Greater Noida,28.557054,77.453663,NO2,75.0,658799.4390338283,688662.0292423848,20000,20000
Meerut,28.9535882,77.7622941,O3,113.0,701188.6996688119,730605.4719918489,20000,20000
Lucknow,26.906111,80.948222,O3,37.0,472854.64213388064,511249.98962895555,20000,20000
Lucknow,26.8458805,80.9365541,SO2,8.0,465486.32529485464,503919.71109419945,20000,20000
Noida,28.5898,77.3101,PM10,170.0,666727.7320161518,696713.3597754944,20000,20000
Noida,28.5898,77.3101,NO2,,666727.7320161518,696713.3597754944,20000,20000
Noida,28.56923,77.393848,PM10,212.0,661883.6187112535,691799.8834328363,20000,20000
Noida,28.56923,77.393848,SO2,9.0,661883.6187112535,691799.8834328363,20000,20000
Prayagraj,25.425602,81.917152,O3,36.0,392095.6211640621,430722.0876364101,20000,20000
Prayagraj,25.494,81.863,CO,19.0,392829.50618878746,431648.2377523257,20000,20000
Prayagraj,25.44919916,81.82735986,PM10,80.0,386232.08410524146,425022.5487946085,20000,20000
Rishikesh,30.075911,78.2859547,SO2,1.0,836740.1498658388,865243.7973192172,20000,20000
Asansol,23.685297,86.945968,CO,33.0,846134.8079119393,892041.5842077159,20000,20000
Asansol,23.618183,87.105718,NO2,17.0,863294.3364075123,909242.818805108,20000,20000
Asansol,23.616515,87.119133,SO2,9.0,864771.2526294764,910720.958825835,20000,20000
Asansol,23.616515,87.119133,CO,48.0,864771.2526294764,910720.958825835,20000,20000
Barrackpore,22.7605581,88.3617589,O3,46.0,1002377.7674773546,1048426.238522337,20000,20000
Durgapur,23.567923,87.306843,SO2,10.0,885267.6171175037,931244.8496207574,20000,20000
Durgapur,23.508764,87.35444,NO2,49.0,890179.4247387699,936181.9732630769,20000,20000
Durgapur,23.508764,87.35444,CO,36.0,890179.4247387699,936181.9732630769,20000,20000
Durgapur,23.549395,87.300496,O3,60.0,884436.7246450701,930421.8129984179,20000,20000
Haldia,22.06047,88.109737,SO2,13.0,982063.6673774614,1027800.5930625651,20000,20000
Howrah,22.554954,88.292568,PM10,105.0,996171.6101360478,1042164.209800974,20000,20000
Howrah,22.554954,88.292568,SO2,12.0,996171.6101360478,1042164.209800974,20000,20000
Howrah,22.6025571,88.3105664,PM10,69.0,997771.805068577,1043779.9279427085,20000,20000
Moradabad,28.840739,78.697531,NO2,56.0,675395.3891904092,704705.4313909167,20000,20000
Moradabad,28.840739,78.697531,SO2,14.0,675395.3891904092,704705.4313909167,20000,20000
Moradabad,28.88528,78.7388,CO,41.0,680696.793307302,710193.3166664313,20000,20000
Moradabad,28.856664,78.772638,PM10,95.0,676809.0036632705,706440.612840819,20000,20000
Moradabad,28.856664,78.772638,SO2,34.0,676809.0036632705,706440.612840819,20000,20000
Kashipur,29.2124114,78.9611753,PM10,89.0,721013.8552904939,751449.5446980639,20000,20000
Rishikesh,30.075911,78.2859547,NO2,21.0,836740.1498658388,865243.7973192172,20000,20000
Muzaffarnagar,29.4723508,77.7194031,NO2,61.0,767226.3336514572,796571.1837250907,20000,20000
Varanasi,25.3505986,82.9083074,PM10,78.0,476932.937535907,515243.7304038727,20000,20000
Varanasi,25.3505986,82.9083074,SO2,10.0,476932.937535907,515243.7304038727,20000,20000
Varanasi,25.3505986,82.9083074,CO,15.0,476932.937535907,515243.7304038727,20000,20000
Varanasi,25.3505986,82.9083074,O3,30.0,476932.937535907,515243.7304038727,20000,20000
Noida,28.6245479,77.3577104,NO2,8.0,669667.1188812793,699601.6654854582,20000,20000
Noida,28.6245479,77.3577104,CO,24.0,669667.1188812793,699601.6654854582,20000,20000
Kolkata,22.58157048,88.41002457,PM10,98.0,1008988.8055008065,1054992.3716972694,20000,20000
Kolkata,22.58157048,88.41002457,SO2,10.0,1008988.8055008065,1054992.3716972694,20000,20000
Kolkata,22.58157048,88.41002457,O3,51.0,1008988.8055008065,1054992.3716972694,20000,20000
Kolkata,22.55664,88.342674,SO2,10.0,1001720.2292552643,1047714.4763481056,20000,20000
Kolkata,22.627847,88.380669,O3,40.0,1005361.7791929083,1051378.5007102527,20000,20000
Kolkata,22.51106,88.35142,SO2,14.0,1003100.1877741223,1049078.9959638037,20000,20000
Kolkata,22.51106,88.35142,CO,33.0,1003100.1877741223,1049078.9959638037,20000,20000
Kolkata,22.5448082,88.3403691,SO2,,1001567.7092207117,1047557.96482112,20000,20000
Siliguri,26.6879226,88.4152495,PM10,143.0,1096799.0229765992,1138957.8521449124,20000,20000
Silchar,24.82827,92.79525,SO2,6.0,1508688.9296421807,1554268.0022952042,20000,20000
Sivasagar,26.987634,94.636574,PM10,67.0,1763963.9363604058,1808211.6285484815,20000,20000
Sivasagar,26.987634,94.636574,NO2,48.0,1763963.9363604058,1808211.6285484815,20000,20000
Sivasagar,26.987634,94.636574,SO2,13.0,1763963.9363604058,1808211.6285484815,20000,20000
Sivasagar,26.987634,94.636574,CO,26.0,1763963.9363604058,1808211.6285484815,20000,20000
Sivasagar,26.987634,94.636574,O3,68.0,1763963.9363604058,1808211.6285484815,20000,20000
Araria,26.146529,87.454184,SO2,38.0,972109.0076414004,1014644.6897184025,20000,20000
Arrah,25.5626095,84.663264,NO2,7.0,659064.974188761,700249.0257676694,20000,20000
Arrah,25.5626095,84.663264,SO2,9.0,659064.974188761,700249.0257676694,20000,20000
Arrah,25.5626095,84.663264,O3,8.0,659064.974188761,700249.0257676694,20000,20000
Aurangabad,24.75746,84.366208,O3,66.0,589852.5484771732,633270.3217310113,20000,20000
Begusarai,25.42742023,86.13886079,CO,53.0,803419.928150801,846547.9300361082,20000,20000
Bettiah,26.80365,84.51954,O3,21.0,726505.9595925126,764469.2808095083,20000,20000
Bhagalpur,25.251013,86.989001,PM10,101.0,886290.0851256825,930287.8580171594,20000,20000
Bhagalpur,25.251013,86.989001,NO2,9.0,886290.0851256825,930287.8580171594,20000,20000
Bhagalpur,25.251013,86.989001,SO2,51.0,886290.0851256825,930287.8580171594,20000,20000
Bhagalpur,25.251013,86.989001,O3,16.0,886290.0851256825,930287.8580171594,20000,20000
Bhagalpur,25.265194,87.012947,SO2,58.0,889346.9883860245,933330.7215251814,20000,20000
Bhagalpur,25.265194,87.012947,O3,19.0,889346.9883860245,933330.7215251814,20000,20000
Buxar,25.56752,83.966379,CO,25.0,590992.2689890423,630950.516450289,20000,20000
Buxar,25.56752,83.966379,O3,21.0,590992.2689890423,630950.516450289,20000,20000
Chhapra,25.7808257,84.7446768,PM10,107.0,679516.3377211877,720078.6524420094,20000,20000
Chhapra,25.7808257,84.7446768,NO2,1.0,679516.3377211877,720078.6524420094,20000,20000
Chhapra,25.7808257,84.7446768,O3,3.0,679516.3377211877,720078.6524420094,20000,20000
Gaya,24.7955,84.9994,CO,53.0,658171.0941485798,701987.71255767,20000,20000
Gaya,24.792403,84.992416,SO2,41.0,657314.9632682931,701134.4268599765,20000,20000
Gaya,24.762518,84.982348,NO2,23.0,655140.6475017373,699027.0575323324,20000,20000
Vijayawada,16.509717,80.612222,SO2,15.0,781663.7402150173,808374.4104116675,20000,20000
Vijayawada,16.554731,80.64911,NO2,,777510.3768915168,804240.4105294831,20000,20000
Naharlagun,27.103358,93.679645,SO2,10.0,1665722.2716999778,1709632.1286042787,20000,20000
Naharlagun,27.103358,93.679645,O3,6.0,1665722.2716999778,1709632.1286042787,20000,20000
Tirumala,13.67,79.35,SO2,16.0,1089683.0826509434,1115317.4910207521,20000,20000
Tirupati,13.615387,79.40923,SO2,16.0,1096167.069241322,1121847.5353656085,20000,20000
Vijayawada,16.536107,80.594233,PM10,81.0,778228.8833173007,804934.6929474297,20000,20000
Vijayawada,16.486692,80.699436,SO2,12.0,786500.1142662714,813242.8050691353,20000,20000
Vijayawada,16.486692,80.699436,CO,37.0,786500.1142662714,813242.8050691353,20000,20000
Hajipur,25.697189,85.2459,O3,125.0,724648.1123769365,766191.4631032062,20000,20000
Katihar,25.560083,87.553265,CO,70.0,957607.8002330662,1001331.3192261148,20000,20000
Kishanganj,26.0881305,87.93840336,SO2,6.0,1019652.9167883513,1062630.5504296834,20000,20000
Motihari,26.63086,84.90051,NO2,9.0,749510.5698246002,787370.7123622285,20000,20000
Anantapur,14.675886,77.593027,SO2,,986756.083468534,1010322.0416784557,20000,20000
Nagaon,26.349082,92.68449,CO,16.0,1533415.2940737002,1577821.7524803183,20000,20000
Nalbari,26.446912,91.439057,SO2,,1403282.7798558641,1447257.6097991108,20000,20000
Muzaffarpur,26.1403345,85.3650192,PM10,67.0,761443.0692263391,801783.7527831146,20000,20000
Muzaffarpur,26.1209,85.3647,CO,42.0,760256.2557647283,800657.3185316694,20000,20000
Patna,25.586562,85.043586,O3,27.0,698447.6949043456,740074.6680546409,20000,20000
Patna,25.592539,85.227158,SO2,5.0,717294.674073257,759128.6232839355,20000,20000
Patna,25.610369,85.132568,CO,19.0,708662.8491954657,750328.4195159889,20000,20000
Patna,25.619651,85.147382,PM10,161.0,710642.323511177,752298.0112508005,20000,20000
Patna,25.619651,85.147382,NO2,11.0,710642.323511177,752298.0112508005,20000,20000
Patna,25.619651,85.147382,CO,,710642.323511177,752298.0112508005,20000,20000
Samastipur,25.859655,85.77944,O3,8.0,786945.0909674352,828649.1311067569,20000,20000
Sasaram,24.952822,84.002396,CO,50.0,560751.7924105391,603134.3750426631,20000,20000
Sasaram,24.952822,84.002396,O3,16.0,560751.7924105391,603134.3750426631,20000,20000
Chandigarh,30.735567,76.775714,PM10,70.0,947809.4059611305,977714.7697603534,20000,20000
Chandigarh,30.735567,76.775714,SO2,11.0,947809.4059611305,977714.7697603534,20000,20000
Chandigarh,30.751462,76.762879,PM10,112.0,950153.1336817592,980063.848556503,20000,20000
Chandigarh,30.751462,76.762879,SO2,6.0,950153.1336817592,980063.848556503,20000,20000
Raipur,21.237755,81.705301,SO2,6.0,346843.95171497774,383422.1468634373,20000,20000
Raipur,21.237755,81.705301,O3,16.0,346843.95171497774,383422.1468634373,20000,20000
Raipur,21.371751,81.664929,CO,16.0,333559.42990375933,370340.7385485247,20000,20000
Tumidih,22.06631475,83.33820077,PM10,,461015.0440976129,505479.5810152819,20000,20000
