location_id,name,latitude,longitude,pollutants,timezone
3,NMA - Nima,5.58389,-0.19968,"pm10,pm25",Africa/Accra
4,NMT - Nima,5.58165,-0.19898,"pm10,pm25",Africa/Accra
5,JTA - Jamestown,5.5401139,-0.2103972,"pm10,pm25",Africa/Accra
6,ADT - Asylum Down,5.570722,-0.2120555,"pm10,pm25",Africa/Accra
7,ADEPA - Asylum Down,5.567833,-0.2040278,"pm10,pm25",Africa/Accra
8,ADA - Asylum Down,5.566722,-0.2077778,"pm10,pm25",Africa/Accra
9,ELC - East Legon,5.6335571,-0.1651875,"pm10,pm25",Africa/Accra
10,ELT - East Legon,5.6408995,-0.1695437,"pm10,pm25",Africa/Accra
11,ELA - East Legon,5.6408137,-0.1579063,"pm10,pm25",Africa/Accra
12,SPARTAN - IIT Kanpur,26.519,80.233,pm25,Asia/Kolkata
13,"Delhi Technological University, Delhi - CPCB",28.744,77.12,"no2,o3,pm25",Asia/Kolkata
14,SPARTAN - CITEDEF,-34.56,-58.506,pm25,America/Argentina/Buenos_Aires
15,IGI Airport,28.56,77.094,"co,no2,o3,pm10,pm25",Asia/Kolkata
16,Civil Lines,28.6787,77.2262,"co,no2,pm10,pm25",Asia/Kolkata
17,"R K Puram, Delhi - DPCC",28.563262,77.186937,"co,co,no,no2,no2,nox,o3,o3,pm10,pm10,pm25,pm25,relativehumidity,so2,so2,temperature,wind_direction,wind_speed",Asia/Kolkata
18,SPARTAN - Vietnam Acad. Sci.,21.048,105.8,pm25,Asia/Bangkok
19,MNB,47.929732,106.888629,"co,no2,o3,pm10,pm25,so2",Asia/Ulaanbaatar
21,Beijing US Embassy,39.95,116.47,pm25,Asia/Shanghai
22,SPARTAN - Dhaka University,23.728,90.398,pm25,Asia/Dhaka
23,Amgalan,47.913429,106.99790699999998,"co,no2,o3,pm10,pm25,so2",Asia/Ulaanbaatar
24,SPARTAN - NUS,1.298,103.78,pm25,Asia/Singapore
25,Parque O'Higgins,-33.464142,-70.660797,"co,no2,o3,pm10,pm25,so2",America/Santiago
26,Inpesca,-36.737202,-73.104427,"pm10,pm25,so2",America/Santiago
27,Concón,-32.924568,-71.515399,"co,no2,o3,pm10,pm25,so2",America/Santiago
28,Ursynów,52.16077306,21.03916667,"no2,o3,pm10,pm25,so2",Europe/Warsaw
30,100 ail,47.9329056,106.9213833,"co,no2,o3,pm10,so2",Asia/Ulaanbaatar
31,Wekerom-Riemterdijk,52.11162100019676,5.708418999868416,"no,no2,o3,pm10,pm25",Europe/Amsterdam
32,SPARTAN - Tsinghua University,40.01,116.333,pm25,Asia/Shanghai
33,Zaanstad-Hemkade,52.420230000140556,4.832060000156797,"no,no2,pm10",Europe/Amsterdam
34,SPARTAN - Weizmann Institute,31.907,34.81,pm25,Asia/Jerusalem
38,Cauquenes,-34.241168,-70.55283,so2,America/Santiago
39,Gobernación,-22.093082,-70.20121,"pm10,so2",America/Santiago
41,Groningen-Europaweg,53.21782600014504,6.578889000310201,"no,no2,pm10,pm25",Europe/Amsterdam
42,SPARTAN - Ilorin University,8.484,4.675,pm25,Africa/Lagos
43,Konarskiego,52.17203333,22.27277778,"co,no2,o3,pm10,pm25,so2",Europe/Warsaw
44,Heerlen-Jamboreepad,50.90031700019946,5.986852999872599,"no,no2,o3,pm10,pm25",Europe/Amsterdam
45,Puente Alto,-33.591390623022,-70.594788,"co,no2,o3,pm10,pm25,so2",America/Santiago
46,Bukhiin urguu,47.9176056,106.93736109999999,"co,no2,o3,pm10,pm25,so2",Asia/Ulaanbaatar
47,Valparaiso,-33.049743798096,-71.614167231712,"co,no2,o3,pm10,pm25,so2",America/Santiago
48,Baruun 4 zam,47.9153833,106.89419440000002,"co,no2,pm10,pm25,so2",Asia/Ulaanbaatar
49,"Phahol Yothin Rd., Khet Chatuchak",13.797855,100.551338,"co,no2,pm10",Asia/Bangkok
50,"Punjabi Bagh, Delhi - DPCC",28.674045,77.131023,"co,co,no,no2,no2,nox,o3,o3,pm10,pm10,pm25,pm25,relativehumidity,so2,so2,temperature,wind_direction,wind_speed",Asia/Kolkata
51,Wieringerwerf-Medemblikkerweg,52.803700000000006,5.05051,"no,no2,o3,pm10,pm25",Europe/Amsterdam
52,Rotterdam-Oost Sidelinge A13,51.938472000211014,4.430691999983553,"no,no2,pm10,pm25",Europe/Amsterdam
53,Shenyang,41.78,123.42,pm25,Asia/Shanghai
54,Talagante,-33.673752071375,-70.953064737434,"co,no2,o3,pm10,pm25,so2",America/Santiago
55,Utrecht-Kardinaal de Jongweg,52.105,5.12446,"no,no2,o3,pm10,pm25",Europe/Amsterdam
57,"Khlong Nueng, Khlong Luang",14.040299305494,100.60873959621,"co,no2,o3,pm10,so2",Asia/Bangkok
58,Zegveld-Oude Meije,52.137949999962665,4.83819000034937,"co,no,no2,o3,pm10",Europe/Amsterdam
59,Nisekh,47.863943,106.779094,"co,no2,o3,pm10,pm25,so2",Asia/Ulaanbaatar
60,Haringey Roadside,51.5993,-0.068218,"no2,pm25",Europe/London
61,Coya Población,-34.203524,-70.529854,so2,America/Santiago
63,Philippine-Stelleweg,51.29446600001544,3.7494090003978005,"no,no2,o3,pm10,so2",Europe/Amsterdam
64,Mustang Bayou C619,29.308562,-95.19991,"no2,o3",America/Chicago
65,Punteras,-36.923329602986,-73.036132300941,"co,no2,o3,pm10,pm25,so2",America/Santiago
66,"Bang Khun Thian, Chom Thong",13.684229480854,100.44598735492,"co,no2,o3,pm10",Asia/Bangkok
67,Ventanas,-32.77898790221,-71.373031276855,"co,no2,o3,pm10,pm25,so2",America/Santiago
68,Cerro Merquín,-37.021182877699,-73.149555550926,"pm10,pm25,so2",America/Santiago
69,Kingston College,-36.784653741124,-73.052063025795,"co,o3,pm10,pm25,so2",America/Santiago
71,Biest Houtakker-Biestsestraat,51.51838800001479,5.148450000227909,"no,no2,o3,pm10,pm25",Europe/Amsterdam
72,Curicó,-34.974925077541,-71.233967512329,"pm10,pm25",America/Santiago
73,Coyhaique II,-45.579045667164,-72.049964505825,"co,no2,o3,pm10,pm25,so2",America/Santiago
74,Leiden-Willem de Zwijgerlaan,52.1678,4.50756,pm10,Europe/Amsterdam
76,De Zilk-Vogelaarsdreef,52.296600000000005,4.51082,"no,no2,o3,pm10,pm25,so2",Europe/Amsterdam
77,Hoek v. Holland-Berghaven,51.97783000007194,4.121903000365913,"no,no2,o3,pm10,pm25,so2",Europe/Amsterdam
79,Hilversum-J. Gerardtsweg,52.23510000000001,5.18155,"no2,pm10,pm25",Europe/Amsterdam
80,Amsterdam-Van Diemenstraat,52.389983000188224,4.88781099987638,"co,no,no2,o3,pm10,pm25",Europe/Amsterdam
81,Coronel Norte,-37.008669,-73.148086,"co,o3,pm10,so2",America/Santiago
82,Haarlem-Schipholweg,52.3705,4.64232,"no,no2,o3,pm10",Europe/Amsterdam
85,Hellendoorn-Luttenbergerweg,52.38829100007745,6.402899999997742,"no,no2,o3,pm10",Europe/Amsterdam
86,De Rips-Blaarpeelweg,51.5475,5.8382,pm10,Europe/Amsterdam
87,De Rips-Klotterpeellaan,51.5359,5.80859,pm10,Europe/Amsterdam
90,Misheel expo,47.8943389,106.8824722,"co,no2,o3,pm10,so2",Asia/Ulaanbaatar
93,Nijmegen-Graafseweg,51.8413800001826,5.857771999792528,"co,no,no2,pm10,pm25",Europe/Amsterdam
94,"Din Daeng, Din Daeng",13.775373291477,100.56892844813,"co,no2,o3,pm10,so2",Asia/Bangkok
95,Amsterdam-Vondelpark,52.35971400001388,4.866208000411839,"co,no,no2,o3,pm10,pm25",Europe/Amsterdam
96,Wijk aan Zee-Burgemeester Rothestraat,52.49399200004851,4.601986000379324,"co,no,no2,pm10,pm25,so2",Europe/Amsterdam
97,IJmuiden-Kanaaldijk,52.463040000051045,4.60177600031704,"co,no,no2,pm10,pm25,so2",Europe/Amsterdam
98,Amsterdam-Westerpark,52.39397200025616,4.870156999790721,"pm10,pm25,so2",Europe/Amsterdam
99,Maastricht-A2 Kasteel Hillenraadweg,50.8598,5.71381,pm25,Europe/Amsterdam
100,Badhoevedorp-Sloterweg,52.33400300025121,4.7740060003231,"co,no,no2,pm10,pm25",Europe/Amsterdam
101,Amsterdam-Hoogtij,52.42801700027339,4.7734780002434976,"no,no2,pm10,pm25,so2",Europe/Amsterdam
102,Amsterdam-Einsteinweg,52.381331000231505,4.845232999687698,"co,no,no2,pm10,pm25",Europe/Amsterdam
103,"Income Tax Office, Delhi - CPCB",28.623499999999996,77.2494,"co,no2,o3,pm10,pm25",Asia/Kolkata
135,Prabadang Rehabiltation Center,13.664087,100.543436,"no2,o3,pm10,pm25,so2",Asia/Bangkok
136,Los Vientos,-32.833639,-70.99693,"co,o3,pm10,so2",America/Santiago
137,Harrow - Stanmore,51.617327,-0.298775,"no2,pm10,pm25",Europe/London
138,"Lat Phrao Rd., Wang Thonglang",13.792635009230002,100.59607755884001,"co,no2,o3,pm10,so2",Asia/Bangkok
139,Alto Hospicio,-20.259620485825,-70.088653564453,pm25,America/Santiago
140,Alto Hospicio,-20.290859340668,-70.09955406189,pm25,America/Santiago
141,London Harlington,51.48879,-0.441614,"no2,o3,pm10,pm25",Europe/London
142,Chengdu,30.63,104.07,pm25,Asia/Shanghai
143,Shanghai,31.21,121.44,pm25,Asia/Shanghai
144,Guangzhou,23.12,113.32,pm25,Asia/Shanghai
145,Escuela E-10,-22.087,-70.193253,"co,no2,o3,pm10,pm25,so2",America/Santiago
146,Southwark A2 Old Kent Road,51.480499,-0.05955,"no2,pm10,pm25",Europe/London
147,Greenwich - Eltham,51.45258,0.070766,"no2,o3,pm10,pm25",Europe/London
148,London Bloomsbury,51.52229,-0.125889,"no2,o3,pm10,pm25,so2",Europe/London
149,Ealing Horn Lane,51.51895,-0.265617,"no2,pm10",Europe/London
150,London Haringey Priory Park South,51.584128,-0.125254,"no2,o3,pm10,pm25",Europe/London
151,Tower Hamlets - Mile End Road,51.5225294860844,-0.0421550991900347,"no2,pm25",Europe/London
152,Camden Kerbside - UKA00259,51.54420999974351,-0.17526899971392015,"no2,pm10,pm25",Europe/London
153,London Hillingdon,51.49633,-0.460861,"no2,o3,pm10,pm25",Europe/London
154,London Marylebone Road,51.52253,-0.154611,"co,no2,o3,pm10,pm25,so2",Europe/London
155,London N. Kensington,51.52105,-0.21349199999999996,"co,no2,o3,pm10,pm25,so2",Europe/London
156,London Teddington,51.42099,-0.339647,"no2,o3",Europe/London
157,Bexley - Slade Green,51.4659832746662,0.184877126994369,"no2,o3,pm10,pm25,so2",Europe/London
158,London Teddington Bushy Park,51.425286,-0.345606,"pm10,pm25",Europe/London
159,London Westminster,51.49467,-0.131931,"no2,o3,pm25",Europe/London
160,Derry,55.001225,-7.329115,"no2,o3,pm10,pm25,so2",Europe/London
161,Clinton C403/C304/AH113,29.7337263,-95.2575931,"co,no2,o3,so2",America/Chicago
162,Houston Deer Park C3,29.670025,-95.128508,"co,no2,o3,pm10,pm25,so2",America/Chicago
163,Danciger C618,29.144291,-95.756601,"no2,o3",America/Chicago
164,Houston North Loop C,29.81453,-95.38769,"co,no2,pm25",America/Chicago
165,UH WG Jones Forest C698,30.2362,-95.4832,"co,o3",America/Chicago
166,UH Moody Tower C695,29.7176,-95.3414,"co,o3",America/Chicago
167,UH Coastal Center C697,29.3879,-95.0414,"co,o3",America/Chicago
168,Houston East C1/G316,29.7679965,-95.2205822,"no2,o3",America/Chicago
169,Houston Texas Avenue C411,29.752778,-95.350278,"no2,o3",America/Chicago
170,Lake Jackson C1016,29.0437592,-95.4729462,"no2,o3",America/Chicago
171,U of H,29.5741,-95.6497,o3,America/Chicago
172,HRM,29.7647877,-95.1785379,"no2,o3",America/Chicago
173,Houston Westhollow C,29.7233,-95.6358,"o3,pm25",America/Chicago
174,Wallisville Road C617,29.821389,-94.99,"no2,o3",America/Chicago
175,Texas City Ball Park A147/C1022,29.3852338,-94.9315197,so2,America/Chicago
176,Freeport South Avenue I C1012,28.96443,-95.35483,so2,America/Chicago
177,Sheldon C551,29.8586111,-95.1602778,o3,America/Chicago
178,Conroe Relocated C78/A321,30.3503017,-95.4251278,"no2,o3",America/Chicago
179,Texas City 34th St. C620,29.4057,-94.94712,"no2,o3",America/Chicago
180,Channelview C15/AH115,29.8027073,-95.1254948,"no2,o3",America/Chicago
181,Houston Southwest Freeway C1066,29.7216,-95.49265,no2,America/Chicago
183,Lynchburg Ferry C1015/A165,29.7616528,-95.0813861,"no2,o3",America/Chicago
184,Crosby Library C553,29.9208333,-95.0683333,o3,America/Chicago
186,Houston Aldine C8,29.9011,-95.3261,"no2,o3,pm25",America/Chicago
187,Houston Bayland Park,29.6958,-95.4992,"no2,o3,pm25",America/Chicago
188,Houston Croquet C409,29.6239,-95.4742,"o3,so2",America/Chicago
189,Atascocita C560,29.961944,-95.235,o3,America/Chicago
190,Huffman Wolf Road C563,30.05786,-95.06147,o3,America/Chicago
191,Seabrook Friendship,29.5831,-95.0156,"o3,pm25",America/Chicago
192,Lang C408,29.8342,-95.4892,"no2,o3",America/Chicago
193,Houston Monroe C406,29.6256,-95.2672,"o3,so2",America/Chicago
194,Houston North Wayside C405,29.8280859,-95.2840958,"o3,so2",America/Chicago
195,Houston Park Place C,29.68639,-95.294724,"no2,o3,pm25,so2",America/Chicago
196,West Houston C554,29.8330556,-95.6569444,o3,America/Chicago
197,Baytown Wetlands Center C552,29.7330556,-94.9847222,o3,America/Chicago
198,Bunker Hill Village C562,29.778333,-95.538056,o3,America/Chicago
199,Baytown Garth C1017,29.823319,-94.983786,"o3,so2",America/Chicago
200,Meyer Park C561,30.011667,-95.5225,o3,America/Chicago
202,Galveston 99th St. C1034/A320/X183,29.2544736,-94.8612886,"no2,o3",America/Chicago
203,Katy Park C559,29.8105556,-95.8061111,o3,America/Chicago
204,Manvel Croix Park C84,29.5204432,-95.3925089,"no2,o3",America/Chicago
205,Northwest Harris Co. C26/A110/X154,30.039524,-95.6739508,"no2,o3",America/Chicago
206,Tom Bass C558,29.5894444,-95.3536111,o3,America/Chicago
207,MMFRA1001,39.482481,-121.221235,pm25,America/Los_Angeles
209,Tooele,40.539299,-112.299797,pm25,America/Denver
210,Liceo Polivalente,-36.601713211434,-72.958522830688,"no2,o3,pm10,pm25,so2",America/Santiago
211,Felton Cal-Fire,37.0481,-122.074603,pm25,America/Los_Angeles
212,ROLAND,35.408138,-94.524414,"no,no2,nox,o3,pm10,pm25",America/Chicago
213,Twin Falls PM25,42.565089,-114.494717,pm25,America/Boise
214,MMFRA1001,39.482385,-121.221128,pm25,America/Los_Angeles
215,Unionville,43.61,-83.36,o3,America/Detroit
216,South Bend-Shields D,41.696667,-86.214722,"no2,o3,pm25",America/Indiana/Indianapolis
217,Lafayette-Greenbush,40.431667,-86.8525,pm25,America/Indiana/Indianapolis
218,Ogden Dunes,41.617814,-87.199533,"o3,pm25",America/Chicago
219,Columbus - Rocky For,39.237457,-85.891332,pm25,America/Indiana/Indianapolis
220,Larwill,41.169722,-85.629444,"no2,pm25,so2",America/Indiana/Indianapolis
221,Indpls-Washington Pa,39.810833,-86.114444,"co,no2,o3,pm10,pm25,so2",America/Indiana/Indianapolis
222,Terre Haute-Lafayett,39.485987,-87.401312,"o3,pm25,so2",America/Indiana/Indianapolis
223,Gary-IITRI,41.606563,-87.305015,"bc,no2,o3,pm10,pm25,so2",America/Chicago
224,Fort Wayne-Beacon St,41.094965,-85.101816,"o3,pm25",America/Indiana/Indianapolis
225,New Albany,38.30703,-85.832974,"o3,pm25,so2",America/Kentucky/Louisville
226,Elkhart-Prairie St.,41.657155,-85.968446,"bc,pm25",America/Indiana/Indianapolis
227,Kokomo - E. Vaile Av,40.481347,-86.109688,"o3,pm25",America/Indiana/Indianapolis
228,Fishers,39.960884,-85.939546,pm25,America/Indiana/Indianapolis
229,Caddo Valley,34.1795,-93.0988,o3,America/Chicago
230,Barstow,34.894054,-117.024756,"o3,pm10",America/Los_Angeles
231,Lucerne Valley,34.4101,-116.906874,"o3,pm10",America/Los_Angeles
232,Trona - Athol and Te,35.774455,-117.372109,"o3,pm10",America/Los_Angeles
233,Spokane Valley-E Bro,47.663962,-117.25765,"pm10,pm25",America/Los_Angeles
234,Enterprise - US Fore,45.426351,-117.296066,pm25,America/Los_Angeles
235,"Anand Vihar, New Delhi - DPCC",28.646835,77.316032,"co,co,no,no2,no2,nox,o3,o3,pm10,pm10,pm25,pm25,relativehumidity,so2,so2,temperature,wind_direction,wind_speed",Asia/Kolkata
236,"Mandir Marg, Delhi - DPCC",28.6341,77.2005,"co,no2,o3,pm10,pm25,so2",Asia/Kolkata
237,San Ysidro,32.543475,-117.029028,pm25,America/Los_Angeles
238,Maryland Heights,38.7108,-90.4758,o3,America/Chicago
239,Alamo Lake,34.243889,-113.558611,"o3,pm10,pm25,so2",America/Phoenix
240,Waterbury,41.5503,-73.0442,"pm10,pm25",America/New_York
241,Pernis-Soetemanweg,51.8879,4.38881,"no2,pm10",Europe/Amsterdam
242,Potawatomi,45.5639,-88.81,"no2,o3,pm25,so2",America/Chicago
243,ELDOSPGS,37.695801,-94.037498,"o3,pm25",America/Chicago
244,Liberty,39.303056,-94.376389,"o3,pm25",America/Chicago
245,Pacific,38.490299,-90.705299,o3,America/Chicago
246,Hillcrest HS,37.256136,-93.299886,"o3,pm10,pm25",America/Chicago
247,CARTHAGE,37.198286,-94.317246,pm10,America/Chicago
248,MRGRETTA,38.673172,-90.239086,"no2,pm10,so2",America/Chicago
249,Farrar,37.701893,-89.697655,o3,America/Chicago
250,ARNOLD,38.448633,-90.39854,"o3,pm10,pm25",America/Chicago
251,Fellows Lake,37.31951,-93.204635,o3,America/Chicago
252,Buick NE,37.652142,-91.11689,so2,America/Chicago
253,BONTERRE,37.8969,-90.4222,o3,America/Chicago
254,WEST ALTON,38.8708,-90.224403,o3,America/Chicago
